generation,best_fitness,best_ind,worst_fitness,worst_ind,avg_fitness
0,13359792,"[1, 1, 0, 0, 0, 1, 1, 0, 0, 1, 1, 1, 1, 1, 0, 1, 1, 0, 0, 0, 0, 1, 0, 0]",-3429913960979767838025064321649549217348186453124508811643584499551012787059067525296609138681839314917787525765636335453,"[1, 1, 1, 1, 1, 0, 1, 1, 1, 1, 1, 0, 0, 1, 1, 1, 0, 0, 1, 1, 1, 1, 0, 1]",-3.4299139476125753e+118
1,13359792,"[1, 1, 0, 0, 0, 1, 1, 0, 0, 1, 1, 1, 1, 1, 0, 1, 1, 0, 0, 0, 0, 1, 0, 0]",-8720113495641181810075631323709553082079004894077799873777599856911601495155291801859976218023913665516312084781695579166754229,"[1, 1, 1, 1, 0, 1, 1, 1, 1, 1, 1, 1, 1, 1, 0, 1, 1, 0, 1, 0, 1, 1, 0, 1]",-1.4841660250922785e+125
2,13359792,"[1, 1, 0, 0, 0, 1, 1, 0, 0, 1, 1, 1, 1, 1, 0, 1, 1, 0, 0, 0, 0, 1, 0, 0]",-18254499379960312827226550066520776715032915984008251369499200482068806258731859504313295240698537482282807,"[0, 1, 0, 1, 1, 0, 1, 1, 1, 1, 1, 0, 1, 1, 1, 0, 1, 1, 0, 0, 1, 1, 1, 0]",2.489253781596285e+111
3,13359792,"[1, 1, 0, 0, 0, 1, 1, 0, 0, 1, 1, 1, 1, 1, 0, 1, 1, 0, 0, 0, 0, 1, 0, 0]",-231041576942837325159824298814768796802157618388439981075748170831941309789339577573636250693561990038980134892909,"[1, 0, 1, 1, 0, 0, 1, 1, 0, 0, 1, 1, 1, 1, 1, 1, 0, 1, 1, 1, 1, 1, 1, 0]",1.2311722930540294e+124
4,13359792,"[1, 1, 0, 0, 0, 1, 1, 0, 0, 1, 1, 1, 1, 1, 0, 1, 1, 0, 0, 0, 0, 1, 0, 0]",-15333671414357540254770225679810416095069081603644131943447038384681760996894622028256066988917104035243781,"[1, 0, 1, 1, 0, 1, 1, 1, 1, 0, 1, 1, 0, 1, 1, 1, 1, 0, 0, 1, 0, 1, 1, 0]",1.2311722817798044e+124
5,13359792,"[1, 1, 0, 0, 0, 1, 1, 0, 0, 1, 1, 1, 1, 1, 0, 1, 1, 0, 0, 0, 0, 1, 0, 0]",-57594901650184767796086362156126138737468403444775304149876589823457664071514417587966762923917530198882932959815,"[1, 1, 0, 0, 1, 0, 1, 1, 1, 1, 1, 1, 1, 1, 1, 0, 1, 1, 0, 0, 1, 1, 1, 0]",4.924687597612479e+124
6,13359792,"[1, 1, 0, 0, 0, 1, 1, 0, 0, 1, 1, 1, 1, 1, 0, 1, 1, 0, 0, 0, 0, 1, 0, 0]",-69800707335073288028326733815629210406428589563599954750378724611429868189230837560424020661316333167829267,"[1, 0, 1, 0, 1, 0, 0, 1, 1, 1, 0, 0, 1, 1, 1, 1, 0, 1, 1, 1, 1, 1, 1, 0]",7.387032924108329e+124
7,13359792,"[1, 1, 0, 0, 0, 1, 1, 0, 0, 1, 1, 1, 1, 1, 0, 1, 1, 0, 0, 0, 0, 1, 0, 0]",-4528752929845205656853764555945529532951635851256704246974896030004318103091155179200947875330404369783344970948163738206454531,"[1, 1, 0, 1, 1, 1, 0, 0, 1, 1, 1, 1, 1, 1, 1, 1, 0, 1, 1, 1, 1, 1, 1, 0]",7.782968299977031e+124
8,13359792,"[1, 1, 0, 0, 0, 1, 1, 0, 0, 1, 1, 1, 1, 1, 0, 1, 1, 0, 0, 0, 0, 1, 0, 0]",-10442822759399929705311580825868241925928671052521215537378678175550079794339660350411931830377787988348969,"[0, 0, 1, 0, 1, 1, 1, 0, 1, 1, 0, 0, 1, 1, 1, 1, 0, 1, 1, 1, 1, 1, 1, 0]",2.3392269595877378e+125
9,13359792,"[1, 1, 0, 0, 0, 1, 1, 0, 0, 1, 1, 1, 1, 1, 0, 1, 1, 0, 0, 0, 0, 1, 0, 0]",-35774613537583407201826650318102713180563225733570171835272364026764950272031743992842248652500224767555924897255,"[1, 0, 1, 1, 0, 0, 1, 1, 1, 0, 1, 1, 1, 1, 1, 1, 0, 1, 0, 1, 1, 1, 1, 0]",3.2010474675277802e+125
10,13359792,"[1, 1, 0, 0, 0, 1, 1, 0, 0, 1, 1, 1, 1, 1, 0, 1, 1, 0, 0, 0, 0, 1, 0, 0]",-855430077220902250730253844789617500542873126421842540539662075368743193563020226126992430316671278059259652879601825513,"[1, 0, 1, 1, 0, 1, 1, 1, 1, 0, 1, 1, 1, 0, 1, 1, 0, 1, 1, 1, 1, 1, 1, 0]",4.432219365182435e+125
11,13359792,"[1, 1, 0, 0, 0, 1, 1, 0, 0, 1, 1, 1, 1, 1, 0, 1, 1, 0, 0, 0, 0, 1, 0, 0]",-990532540099730950709090738061091009534096927395100279698530468067609925589141602654434084475045669434253235583747886371,"[1, 0, 1, 1, 0, 1, 1, 1, 1, 0, 0, 1, 1, 1, 1, 1, 0, 1, 1, 1, 1, 1, 1, 0]",6.0327426005378185e+125
12,13359792,"[1, 1, 0, 0, 0, 1, 1, 0, 0, 1, 1, 1, 1, 1, 0, 1, 1, 0, 0, 0, 0, 1, 0, 0]",-990532540099730950709090738061091009534096927395100279698530468067609925589141602654434084475045669434253235583747886371,"[1, 0, 1, 1, 0, 1, 1, 1, 1, 0, 0, 1, 1, 1, 1, 1, 0, 1, 1, 1, 1, 1, 1, 0]",7.38703150986363e+125
13,13359792,"[1, 1, 0, 0, 0, 1, 1, 0, 0, 1, 1, 1, 1, 1, 0, 1, 1, 0, 0, 0, 0, 1, 0, 0]",-1497932595060937580233634182293564563124627141641919306404295392329296414437159443399992643024480905536727684069653013739,"[1, 0, 0, 1, 0, 1, 1, 1, 1, 0, 1, 1, 1, 1, 1, 1, 0, 1, 1, 1, 1, 1, 1, 0]",8.248851116266141e+125
14,13359792,"[1, 1, 0, 0, 0, 1, 1, 0, 0, 1, 1, 1, 1, 1, 0, 1, 1, 0, 0, 0, 0, 1, 0, 0]",-1274808014862407696109427131195813758369038639863531089501995328189997215408558243909972894050155251078628211333696202811,"[1, 0, 1, 0, 0, 1, 1, 1, 1, 0, 1, 1, 1, 1, 1, 1, 0, 1, 1, 1, 1, 1, 1, 0]",9.972490918791781e+125
15,13359792,"[1, 1, 0, 0, 0, 1, 1, 0, 0, 1, 1, 1, 1, 1, 0, 1, 1, 0, 0, 0, 0, 1, 0, 0]",-1274808014862407696109427131195813758369038639863531089501995328189997215408558243909972894050155251078628211333696202811,"[1, 0, 1, 0, 0, 1, 1, 1, 1, 0, 1, 1, 1, 1, 1, 1, 0, 1, 1, 1, 1, 1, 1, 0]",1.021872523362019e+126
16,13359792,"[1, 1, 0, 0, 0, 1, 1, 0, 0, 1, 1, 1, 1, 1, 0, 1, 1, 0, 0, 0, 0, 1, 0, 0]",-3950347365058092368286240034509411316619339609713836096029008261455942919544267721420332403305701300824367348465861269830221189313121,"[1, 0, 1, 1, 0, 1, 1, 1, 1, 0, 1, 1, 1, 1, 1, 1, 1, 1, 1, 1, 1, 1, 1, 0]",-1.158808326089226e+130
17,13359792,"[1, 1, 0, 0, 0, 1, 1, 0, 0, 1, 1, 1, 1, 1, 0, 1, 1, 0, 0, 0, 0, 1, 0, 0]",-3950347365058092368286240034509411316619339609713836096029008261455942919544267721420332403305701300824367348465861269830221189313121,"[1, 0, 1, 1, 0, 1, 1, 1, 1, 0, 1, 1, 1, 1, 1, 1, 1, 1, 1, 1, 1, 1, 1, 0]",1.7660386656227539e+131
18,13359792,"[1, 1, 0, 0, 0, 1, 1, 0, 0, 1, 1, 1, 1, 1, 0, 1, 1, 0, 0, 0, 0, 1, 0, 0]",-1274808014862407696109427131195813758369038639863531089501995328189997215408558243909972894050155251078628211333696202811,"[1, 0, 1, 0, 0, 1, 1, 1, 1, 0, 1, 1, 1, 1, 1, 1, 0, 1, 1, 1, 1, 1, 1, 0]",1.1080545589320814e+126
19,13359792,"[1, 1, 0, 0, 0, 1, 1, 0, 0, 1, 1, 1, 1, 1, 0, 1, 1, 0, 0, 0, 0, 1, 0, 0]",-799846210524373862107650900452532301913988900400499564698658130234593438771495873780885298495059614889171086287714408197,"[1, 0, 1, 1, 0, 1, 1, 1, 1, 0, 1, 1, 0, 1, 1, 1, 0, 1, 1, 1, 1, 1, 1, 0]",5.645765266137559e+131
20,13359792,"[1, 1, 0, 0, 0, 1, 1, 0, 0, 1, 1, 1, 1, 1, 0, 1, 1, 0, 0, 0, 0, 1, 0, 0]",-117914794715846453824450698982571863238731801751108734485480763954854154071229574955238812810143618911507495165442819607,"[1, 0, 1, 1, 0, 1, 1, 1, 1, 0, 1, 1, 1, 1, 1, 1, 0, 1, 0, 1, 1, 1, 1, 0]",1.6937276099664795e+132
21,13359792,"[1, 1, 0, 0, 0, 1, 1, 0, 0, 1, 1, 1, 1, 1, 0, 1, 1, 0, 0, 0, 0, 1, 0, 0]",-3950347365058092368286240034509411316619339609713836096029008261455942919544267721420332403305701300824367348465861269830221189313121,"[1, 0, 1, 1, 0, 1, 1, 1, 1, 0, 1, 1, 1, 1, 1, 1, 1, 1, 1, 1, 1, 1, 1, 0]",3.187673056921879e+132
22,13359792,"[1, 1, 0, 0, 0, 1, 1, 0, 0, 1, 1, 1, 1, 1, 0, 1, 1, 0, 0, 0, 0, 1, 0, 0]",-1898034942255527250325487424797215123331147080930414324957571353998318784642682880451691842487891075142072723173268702780825867,"[1, 0, 1, 1, 0, 1, 1, 0, 1, 1, 1, 1, 1, 1, 1, 1, 0, 1, 1, 1, 1, 1, 1, 0]",3.122727648340258e+132
23,13359792,"[1, 1, 0, 0, 0, 1, 1, 0, 0, 1, 1, 1, 1, 1, 0, 1, 1, 0, 0, 0, 0, 1, 0, 0]",-90588569385864341286320392796874407670040429411763924404027826868126288253199650763173144539225140788891264846628810191147249765905114556287,"[1, 0, 1, 1, 0, 1, 1, 1, 1, 1, 1, 1, 1, 1, 1, 1, 0, 1, 1, 1, 1, 1, 1, 1]",-9.058813024083508e+137
24,13359792,"[1, 1, 0, 0, 0, 1, 1, 0, 0, 1, 1, 1, 1, 1, 0, 1, 1, 0, 0, 0, 0, 1, 0, 0]",-4888975151501538527591066476950533611923894824060574694467010210416494131163635812876808599373586498350145280598456538559673587,"[1, 0, 1, 1, 0, 1, 1, 1, 1, 1, 1, 1, 1, 1, 0, 1, 0, 1, 1, 1, 1, 1, 1, 0]",6.817238325572701e+132
25,13359792,"[1, 1, 0, 0, 0, 1, 1, 0, 0, 1, 1, 1, 1, 1, 0, 1, 1, 0, 0, 0, 0, 1, 0, 0]",-5036163369103981757041405747054914193893581105501440429095891660671014143781186079310340205846595065535515212208351201381717937,"[1, 0, 1, 1, 0, 1, 1, 1, 1, 1, 1, 1, 1, 1, 1, 1, 0, 1, 1, 0, 1, 1, 1, 0]",1.0232605575622701e+133
26,13359792,"[1, 1, 0, 0, 0, 1, 1, 0, 0, 1, 1, 1, 1, 1, 0, 1, 1, 0, 0, 0, 0, 1, 0, 0]",-3899736467379454139932736195884439730057475249812512329342394169485484271959885305032000253706225891015683035366873629062881699,"[1, 0, 1, 1, 0, 1, 1, 1, 1, 1, 1, 1, 1, 1, 1, 1, 0, 0, 1, 1, 1, 1, 1, 0]",1.2058695104700067e+133
27,13359792,"[1, 1, 0, 0, 0, 1, 1, 0, 0, 1, 1, 1, 1, 1, 0, 1, 1, 0, 0, 0, 0, 1, 0, 0]",-3899736467379454139932736195884439730057475249812512329342394169485484271959885305032000253706225891015683035366873629062881699,"[1, 0, 1, 1, 0, 1, 1, 1, 1, 1, 1, 1, 1, 1, 1, 1, 0, 0, 1, 1, 1, 1, 1, 0]",1.3340914914882293e+133
28,13359792,"[1, 1, 0, 0, 0, 1, 1, 0, 0, 1, 1, 1, 1, 1, 0, 1, 1, 0, 0, 0, 0, 1, 0, 0]",-4015907765356902883670379415537081930593202002743758883467505556531871560545697051782878212235151913430816710604242498933144995,"[1, 0, 1, 1, 0, 1, 1, 1, 1, 1, 1, 1, 1, 1, 1, 1, 0, 1, 1, 1, 1, 0, 1, 0]",1.495089844721455e+133
29,13359792,"[1, 1, 0, 0, 0, 1, 1, 0, 0, 1, 1, 1, 1, 1, 0, 1, 1, 0, 0, 0, 0, 1, 0, 0]",-1422411131919404771421023159182520080629680667497863818863021767560327931942370694648426550717071689769055259062402427462360485,"[1, 0, 1, 1, 0, 1, 1, 1, 1, 1, 1, 1, 1, 1, 1, 0, 0, 1, 1, 1, 1, 1, 1, 0]",1.605213520949888e+133
30,13359792,"[1, 1, 0, 0, 0, 1, 1, 0, 0, 1, 1, 1, 1, 1, 0, 1, 1, 0, 0, 0, 0, 1, 0, 0]",-205436973209054894264374146360465860575911810934592748738460775488739679247619777226456391385685400803489241615600584618759852059670822400421,"[1, 1, 1, 1, 0, 1, 1, 1, 1, 1, 1, 1, 1, 1, 1, 1, 0, 1, 1, 1, 1, 1, 1, 0]",-2.0543526066332997e+138
31,13359792,"[1, 1, 0, 0, 0, 1, 1, 0, 0, 1, 1, 1, 1, 1, 0, 1, 1, 0, 0, 0, 0, 1, 0, 0]",-4888975151501538527591066476950533611923894824060574694467010210416494131163635812876808599373586498350145280598456538559673587,"[1, 0, 1, 1, 0, 1, 1, 1, 1, 1, 1, 1, 1, 1, 0, 1, 0, 1, 1, 1, 1, 1, 1, 0]",1.6937265419833655e+133
32,13359792,"[1, 1, 0, 0, 0, 1, 1, 0, 0, 1, 1, 1, 1, 1, 0, 1, 1, 0, 0, 0, 0, 1, 0, 0]",-5036163369103981757041405747054914193893581105501440429095891660671014143781186079310340205846595065535515212208351201381717937,"[1, 0, 1, 1, 0, 1, 1, 1, 1, 1, 1, 1, 1, 1, 1, 1, 0, 1, 1, 0, 1, 1, 1, 0]",1.7501840969791535e+133
33,13359792,"[1, 1, 0, 0, 0, 1, 1, 0, 0, 1, 1, 1, 1, 1, 0, 1, 1, 0, 0, 0, 0, 1, 0, 0]",-1898034942255527250325487424797215123331147080930414324957571353998318784642682880451691842487891075142072723173268702780825867,"[1, 0, 1, 1, 0, 1, 1, 0, 1, 1, 1, 1, 1, 1, 1, 1, 0, 1, 1, 1, 1, 1, 1, 0]",1.7125457296796121e+133
34,13359792,"[1, 1, 0, 0, 0, 1, 1, 0, 0, 1, 1, 1, 1, 1, 0, 1, 1, 0, 0, 0, 0, 1, 0, 0]",-6301035319902656930875443518856340135292263370502382864121106314615281379359606328901861983720483238313507923511363360935222827,"[1, 0, 1, 1, 0, 1, 1, 1, 1, 1, 1, 0, 1, 1, 1, 1, 0, 1, 1, 1, 1, 1, 1, 0]",1.7313649019579236e+133
35,13359792,"[1, 1, 0, 0, 0, 1, 1, 0, 0, 1, 1, 1, 1, 1, 0, 1, 1, 0, 0, 0, 0, 1, 0, 0]",-6301035319902656930875443518856340135292263370502382864121106314615281379359606328901861983720483238313507923511363360935222827,"[1, 0, 1, 1, 0, 1, 1, 1, 1, 1, 1, 0, 1, 1, 1, 1, 0, 1, 1, 1, 1, 1, 1, 0]",1.7125457114578902e+133
36,13359792,"[1, 1, 0, 0, 0, 1, 1, 0, 0, 1, 1, 1, 1, 1, 0, 1, 1, 0, 0, 0, 0, 1, 0, 0]",-1100098207891835608024534388456178282577145398964692622338130615519139067469747857220920859318818974911113613646208771221,"[1, 1, 0, 0, 1, 1, 1, 0, 0, 1, 1, 1, 1, 1, 1, 1, 0, 1, 1, 1, 1, 1, 1, 0]",1.6749073732047336e+133
37,13359792,"[1, 1, 0, 0, 0, 1, 1, 0, 0, 1, 1, 1, 1, 1, 0, 1, 1, 0, 0, 0, 0, 1, 0, 0]",-4015907765356902883670379415537081930593202002743758883467505556531871560545697051782878212235151913430816710604242498933144995,"[1, 0, 1, 1, 0, 1, 1, 1, 1, 1, 1, 1, 1, 1, 1, 1, 0, 1, 1, 1, 1, 0, 1, 0]",1.637268996509075e+133
38,13359792,"[1, 1, 0, 0, 0, 1, 1, 0, 0, 1, 1, 1, 1, 1, 0, 1, 1, 0, 0, 0, 0, 1, 0, 0]",-90588569385864341286320392796874407670040429411763924404027826868126288253199650763173144539225140788891264846628810191147249765905114556287,"[1, 0, 1, 1, 0, 1, 1, 1, 1, 1, 1, 1, 1, 1, 1, 1, 0, 1, 1, 1, 1, 1, 1, 1]",-9.058685684013307e+137
39,13359792,"[1, 1, 0, 0, 0, 1, 1, 0, 0, 1, 1, 1, 1, 1, 0, 1, 1, 0, 0, 0, 0, 1, 0, 0]",-79462499497982403926803689593738999625132033232892324724434028003489990956233218327542209565683546367739886837522035538156688846920170690931,"[1, 0, 1, 1, 0, 1, 1, 1, 1, 1, 1, 1, 1, 1, 1, 1, 1, 1, 1, 1, 1, 1, 1, 0]",-7.946074931388585e+137
40,13359792,"[1, 1, 0, 0, 0, 1, 1, 0, 0, 1, 1, 1, 1, 1, 0, 1, 1, 0, 0, 0, 0, 1, 0, 0]",-79462499497982403926803689593738999625132033232892324724434028003489990956233218327542209565683546367739886837522035538156688846920170690931,"[1, 0, 1, 1, 0, 1, 1, 1, 1, 1, 1, 1, 1, 1, 1, 1, 1, 1, 1, 1, 1, 1, 1, 0]",-7.946073049470556e+137
41,13359792,"[1, 1, 0, 0, 0, 1, 1, 0, 0, 1, 1, 1, 1, 1, 0, 1, 1, 0, 0, 0, 0, 1, 0, 0]",-4888975151501538527591066476950533611923894824060574694467010210416494131163635812876808599373586498350145280598456538559673587,"[1, 0, 1, 1, 0, 1, 1, 1, 1, 1, 1, 1, 1, 1, 0, 1, 0, 1, 1, 1, 1, 1, 1, 0]",1.7878224678291682e+133
42,13359792,"[1, 1, 0, 0, 0, 1, 1, 0, 0, 1, 1, 1, 1, 1, 0, 1, 1, 0, 0, 0, 0, 1, 0, 0]",-79462499497982403926803689593738999625132033232892324724434028003489990956233218327542209565683546367739886837522035538156688846920170690931,"[1, 0, 1, 1, 0, 1, 1, 1, 1, 1, 1, 1, 1, 1, 1, 1, 1, 1, 1, 1, 1, 1, 1, 0]",-7.505171721840984e+137
43,13359792,"[1, 1, 0, 0, 0, 1, 1, 0, 0, 1, 1, 1, 1, 1, 0, 1, 1, 0, 0, 0, 0, 1, 0, 0]",-79462499497982403926803689593738999625132033232892324724434028003489990956233218327542209565683546367739886837522035538156688846920170690931,"[1, 0, 1, 1, 0, 1, 1, 1, 1, 1, 1, 1, 1, 1, 1, 1, 1, 1, 1, 1, 1, 1, 1, 0]",-6.1824640321449076e+137
44,13359792,"[1, 1, 0, 0, 0, 1, 1, 0, 0, 1, 1, 1, 1, 1, 0, 1, 1, 0, 0, 0, 0, 1, 0, 0]",-79462499497982403926803689593738999625132033232892324724434028003489990956233218327542209565683546367739886837522035538156688846920170690931,"[1, 0, 1, 1, 0, 1, 1, 1, 1, 1, 1, 1, 1, 1, 1, 1, 1, 1, 1, 1, 1, 1, 1, 0]",-4.8597336453645924e+137
45,13359792,"[1, 1, 0, 0, 0, 1, 1, 0, 0, 1, 1, 1, 1, 1, 0, 1, 1, 0, 0, 0, 0, 1, 0, 0]",-4052413174954483729668594729122237865288677336216361328887153128827131549270222054799938282022143007821772077235827393412889599,"[1, 0, 1, 1, 0, 1, 1, 1, 1, 1, 1, 1, 1, 1, 1, 1, 0, 1, 1, 1, 1, 1, 0, 0]",6.613773973434064e+137
46,13359792,"[1, 1, 0, 0, 0, 1, 1, 0, 0, 1, 1, 1, 1, 1, 0, 1, 1, 0, 0, 0, 0, 1, 0, 0]",-205436973209054894264374146360465860575911810934592748738460775488739679247619777226456391385685400803489241615600584618759852059670822400421,"[1, 1, 1, 1, 0, 1, 1, 1, 1, 1, 1, 1, 1, 1, 1, 1, 0, 1, 1, 1, 1, 1, 1, 0]",-2.0343351723999597e+138
47,13359792,"[1, 1, 0, 0, 0, 1, 1, 0, 0, 1, 1, 1, 1, 1, 0, 1, 1, 0, 0, 0, 0, 1, 0, 0]",-20838329396175108156520449647135276869172879435805173409408486497149470878520995923936669395307892694440643728624743513884828148057797607903333107,"[1, 0, 1, 1, 1, 1, 1, 1, 1, 1, 1, 1, 1, 1, 1, 1, 1, 1, 1, 1, 1, 1, 1, 0]",-2.083820594068754e+143
48,13359792,"[1, 1, 0, 0, 0, 1, 1, 0, 0, 1, 1, 1, 1, 1, 0, 1, 1, 0, 0, 0, 0, 1, 0, 0]",-20838329396175108156520449647135276869172879435805173409408486497149470878520995923936669395307892694440643728624743513884828148057797607903333107,"[1, 0, 1, 1, 1, 1, 1, 1, 1, 1, 1, 1, 1, 1, 1, 1, 1, 1, 1, 1, 1, 1, 1, 0]",-2.0838166259005687e+143
49,13359792,"[1, 1, 0, 0, 0, 1, 1, 0, 0, 1, 1, 1, 1, 1, 0, 1, 1, 0, 0, 0, 0, 1, 0, 0]",-1048253222940118273190941239289931629789796698514042431236649730974956961350942648643588950564819698123747379622995244353675912201197,"[1, 0, 1, 1, 1, 1, 1, 1, 1, 1, 1, 1, 1, 1, 1, 1, 0, 1, 1, 0, 1, 1, 1, 0]",2.380913358856467e+138
50,13359792,"[1, 1, 0, 0, 0, 1, 1, 0, 0, 1, 1, 1, 1, 1, 0, 1, 1, 0, 0, 0, 0, 1, 0, 0]",-20838329396175108156520449647135276869172879435805173409408486497149470878520995923936669395307892694440643728624743513884828148057797607903333107,"[1, 0, 1, 1, 1, 1, 1, 1, 1, 1, 1, 1, 1, 1, 1, 1, 1, 1, 1, 1, 1, 1, 1, 0]",-4.167637220125246e+143
51,13359792,"[1, 1, 0, 0, 0, 1, 1, 0, 0, 1, 1, 1, 1, 1, 0, 1, 1, 0, 0, 0, 0, 1, 0, 0]",-205436973209054894264374146360465860575911810934592748738460775488739679247619777226456391385685400803489241615600584618759852059670822400421,"[1, 1, 1, 1, 0, 1, 1, 1, 1, 1, 1, 1, 1, 1, 1, 1, 0, 1, 1, 1, 1, 1, 1, 0]",1.3847206238925169e+138
52,13359792,"[1, 1, 0, 0, 0, 1, 1, 0, 0, 1, 1, 1, 1, 1, 0, 1, 1, 0, 0, 0, 0, 1, 0, 0]",-20838329396175108156520449647135276869172879435805173409408486497149470878520995923936669395307892694440643728624743513884828148057797607903333107,"[1, 0, 1, 1, 1, 1, 1, 1, 1, 1, 1, 1, 1, 1, 1, 1, 1, 1, 1, 1, 1, 1, 1, 0]",-2.083795021448784e+143
53,13359792,"[1, 1, 0, 0, 0, 1, 1, 0, 0, 1, 1, 1, 1, 1, 0, 1, 1, 0, 0, 0, 0, 1, 0, 0]",-16075534272861204429325571419338382004195420756349879842744465793942844288008178462145238411145731369939279547054378048140485130459501,"[1, 0, 1, 1, 1, 1, 1, 1, 1, 1, 0, 1, 1, 1, 1, 1, 0, 1, 1, 1, 1, 1, 1, 0]",3.659543616024867e+138
54,13359792,"[1, 1, 0, 0, 0, 1, 1, 0, 0, 1, 1, 1, 1, 1, 0, 1, 1, 0, 0, 0, 0, 1, 0, 0]",-16075534272861204429325571419338382004195420756349879842744465793942844288008178462145238411145731369939279547054378048140485130459501,"[1, 0, 1, 1, 1, 1, 1, 1, 1, 1, 0, 1, 1, 1, 1, 1, 0, 1, 1, 1, 1, 1, 1, 0]",4.012270406322771e+138
55,13359792,"[1, 1, 0, 0, 0, 1, 1, 0, 0, 1, 1, 1, 1, 1, 0, 1, 1, 0, 0, 0, 0, 1, 0, 0]",-23286737874610452738673920126286723610586982298566452476644610227897581374031882687204732357953107533088307619146030874052986686396391693394254171,"[1, 0, 1, 1, 1, 1, 1, 1, 1, 1, 1, 1, 1, 1, 1, 1, 0, 1, 1, 1, 1, 1, 1, 1]",-2.328633664755371e+143
56,13359792,"[1, 1, 0, 0, 0, 1, 1, 0, 0, 1, 1, 1, 1, 1, 0, 1, 1, 0, 0, 0, 0, 1, 0, 0]",-23286737874610452738673920126286723610586982298566452476644610227897581374031882687204732357953107533088307619146030874052986686396391693394254171,"[1, 0, 1, 1, 1, 1, 1, 1, 1, 1, 1, 1, 1, 1, 1, 1, 0, 1, 1, 1, 1, 1, 1, 1]",-2.328635428393769e+143
57,13359792,"[1, 1, 0, 0, 0, 1, 1, 0, 0, 1, 1, 1, 1, 1, 0, 1, 1, 0, 0, 0, 0, 1, 0, 0]",-16181570308179057971343371604868408018181948285723770940312515536875333899450436263277651918318371463232225481497903890588163594829029,"[1, 0, 1, 0, 1, 1, 1, 1, 1, 1, 1, 1, 1, 1, 1, 1, 0, 1, 1, 1, 1, 1, 1, 0]",3.835906605861948e+138
58,13359792,"[1, 1, 0, 0, 0, 1, 1, 0, 0, 1, 1, 1, 1, 1, 0, 1, 1, 0, 0, 0, 0, 1, 0, 0]",-16075534272861204429325571419338382004195420756349879842744465793942844288008178462145238411145731369939279547054378048140485130459501,"[1, 0, 1, 1, 1, 1, 1, 1, 1, 1, 0, 1, 1, 1, 1, 1, 0, 1, 1, 1, 1, 1, 1, 0]",3.6154524778576745e+138
59,13359792,"[1, 1, 0, 0, 0, 1, 1, 0, 0, 1, 1, 1, 1, 1, 0, 1, 1, 0, 0, 0, 0, 1, 0, 0]",-16075534272861204429325571419338382004195420756349879842744465793942844288008178462145238411145731369939279547054378048140485130459501,"[1, 0, 1, 1, 1, 1, 1, 1, 1, 1, 0, 1, 1, 1, 1, 1, 0, 1, 1, 1, 1, 1, 1, 0]",3.6595439162701445e+138
60,13359792,"[1, 1, 0, 0, 0, 1, 1, 0, 0, 1, 1, 1, 1, 1, 0, 1, 1, 0, 0, 0, 0, 1, 0, 0]",-28866933434179408525888468460283128035190238473704375863731675646506183941123919189901044947909948384191520031505551650392620477101057,"[1, 0, 0, 1, 1, 1, 1, 1, 1, 1, 1, 1, 1, 1, 1, 1, 0, 1, 1, 1, 1, 1, 1, 0]",3.924088196913059e+138
61,13359792,"[1, 1, 0, 0, 0, 1, 1, 0, 0, 1, 1, 1, 1, 1, 0, 1, 1, 0, 0, 0, 0, 1, 0, 0]",-23286737874610452738673920126286723610586982298566452476644610227897581374031882687204732357953107533088307619146030874052986686396391693394254171,"[1, 0, 1, 1, 1, 1, 1, 1, 1, 1, 1, 1, 1, 1, 1, 1, 0, 1, 1, 1, 1, 1, 1, 1]",-2.32863542838685e+143
62,13359792,"[1, 1, 0, 0, 0, 1, 1, 0, 0, 1, 1, 1, 1, 1, 0, 1, 1, 0, 0, 0, 0, 1, 0, 0]",-8708483100704270970928182139492681952156099288599390592172230713695734698292823014638871440574179766061930445962730245716787032747651,"[1, 0, 1, 1, 1, 1, 1, 0, 1, 1, 1, 1, 1, 1, 1, 1, 0, 1, 1, 1, 1, 1, 1, 0]",3.791816788768041e+138
63,13359792,"[1, 1, 0, 0, 0, 1, 1, 0, 0, 1, 1, 1, 1, 1, 0, 1, 1, 0, 0, 0, 0, 1, 0, 0]",-8708483100704270970928182139492681952156099288599390592172230713695734698292823014638871440574179766061930445962730245716787032747651,"[1, 0, 1, 1, 1, 1, 1, 0, 1, 1, 1, 1, 1, 1, 1, 1, 0, 1, 1, 1, 1, 1, 1, 0]",3.924088898092942e+138
64,13359792,"[1, 1, 0, 0, 0, 1, 1, 0, 0, 1, 1, 1, 1, 1, 0, 1, 1, 0, 0, 0, 0, 1, 0, 0]",-16075534272861204429325571419338382004195420756349879842744465793942844288008178462145238411145731369939279547054378048140485130459501,"[1, 0, 1, 1, 1, 1, 1, 1, 1, 1, 0, 1, 1, 1, 1, 1, 0, 1, 1, 1, 1, 1, 1, 0]",4.012270508276857e+138
65,13359792,"[1, 1, 0, 0, 0, 1, 1, 0, 0, 1, 1, 1, 1, 1, 0, 1, 1, 0, 0, 0, 0, 1, 0, 0]",-28866933434179408525888468460283128035190238473704375863731675646506183941123919189901044947909948384191520031505551650392620477101057,"[1, 0, 0, 1, 1, 1, 1, 1, 1, 1, 1, 1, 1, 1, 1, 1, 0, 1, 1, 1, 1, 1, 1, 0]",3.835906412188508e+138
66,13359792,"[1, 1, 0, 0, 0, 1, 1, 0, 0, 1, 1, 1, 1, 1, 0, 1, 1, 0, 0, 0, 0, 1, 0, 0]",-28866933434179408525888468460283128035190238473704375863731675646506183941123919189901044947909948384191520031505551650392620477101057,"[1, 0, 0, 1, 1, 1, 1, 1, 1, 1, 1, 1, 1, 1, 1, 1, 0, 1, 1, 1, 1, 1, 1, 0]",3.879997298274191e+138
67,13359792,"[1, 1, 0, 0, 0, 1, 1, 0, 0, 1, 1, 1, 1, 1, 0, 1, 1, 0, 0, 0, 0, 1, 0, 0]",-28866933434179408525888468460283128035190238473704375863731675646506183941123919189901044947909948384191520031505551650392620477101057,"[1, 0, 0, 1, 1, 1, 1, 1, 1, 1, 1, 1, 1, 1, 1, 1, 0, 1, 1, 1, 1, 1, 1, 0]",4.056361271758567e+138
68,13359792,"[1, 1, 0, 0, 0, 1, 1, 0, 0, 1, 1, 1, 1, 1, 0, 1, 1, 0, 0, 0, 0, 1, 0, 0]",-20838329396175108156520449647135276869172879435805173409408486497149470878520995923936669395307892694440643728624743513884828148057797607903333107,"[1, 0, 1, 1, 1, 1, 1, 1, 1, 1, 1, 1, 1, 1, 1, 1, 1, 1, 1, 1, 1, 1, 1, 0]",-2.083792376001812e+143
69,13359792,"[1, 1, 0, 0, 0, 1, 1, 0, 0, 1, 1, 1, 1, 1, 0, 1, 1, 0, 0, 0, 0, 1, 0, 0]",-23286737874610452738673920126286723610586982298566452476644610227897581374031882687204732357953107533088307619146030874052986686396391693394254171,"[1, 0, 1, 1, 1, 1, 1, 1, 1, 1, 1, 1, 1, 1, 1, 1, 0, 1, 1, 1, 1, 1, 1, 1]",4.430181945505661e+145
70,13359792,"[1, 1, 0, 0, 0, 1, 1, 0, 0, 1, 1, 1, 1, 1, 0, 1, 1, 0, 0, 0, 0, 1, 0, 0]",-16075534272861204429325571419338382004195420756349879842744465793942844288008178462145238411145731369939279547054378048140485130459501,"[1, 0, 1, 1, 1, 1, 1, 1, 1, 1, 0, 1, 1, 1, 1, 1, 0, 1, 1, 1, 1, 1, 1, 0]",6.680202828865887e+145
71,13359792,"[1, 1, 0, 0, 0, 1, 1, 0, 0, 1, 1, 1, 1, 1, 0, 1, 1, 0, 0, 0, 0, 1, 0, 0]",-20838329396175108156520449647135276869172879435805173409408486497149470878520995923936669395307892694440643728624743513884828148057797607903333107,"[1, 0, 1, 1, 1, 1, 1, 1, 1, 1, 1, 1, 1, 1, 1, 1, 1, 1, 1, 1, 1, 1, 1, 0]",8.886098614091744e+145
72,13359792,"[1, 1, 0, 0, 0, 1, 1, 0, 0, 1, 1, 1, 1, 1, 0, 1, 1, 0, 0, 0, 0, 1, 0, 0]",-20838329396175108156520449647135276869172879435805173409408486497149470878520995923936669395307892694440643728624743513884828148057797607903333107,"[1, 0, 1, 1, 1, 1, 1, 1, 1, 1, 1, 1, 1, 1, 1, 1, 1, 1, 1, 1, 1, 1, 1, 0]",1.5566301157100071e+146
73,13359792,"[1, 1, 0, 0, 0, 1, 1, 0, 0, 1, 1, 1, 1, 1, 0, 1, 1, 0, 0, 0, 0, 1, 0, 0]",-444670147226309135665642106972359321791065272209307211541049544268011536165101380301618964574064568028751323125925786801985116996127214508859,"[1, 1, 1, 1, 1, 1, 1, 1, 1, 1, 1, 1, 1, 1, 1, 1, 0, 1, 1, 0, 1, 1, 1, 0]",2.672080988977183e+146
74,13359792,"[1, 1, 0, 0, 0, 1, 1, 0, 0, 1, 1, 1, 1, 1, 0, 1, 1, 0, 0, 0, 0, 1, 0, 0]",-12402980737640172468946377676452389782978816696236862986866671448595949558534094728850358662184461036284267918339297417763759449107072556836320659892421757,"[1, 1, 1, 1, 1, 1, 1, 1, 1, 1, 1, 1, 1, 1, 1, 1, 1, 1, 1, 1, 1, 1, 1, 0]",-1.2402945109893029e+152
75,13359792,"[1, 1, 0, 0, 0, 1, 1, 0, 0, 1, 1, 1, 1, 1, 0, 1, 1, 0, 0, 0, 0, 1, 0, 0]",-444670147226309135665642106972359321791065272209307211541049544268011536165101380301618964574064568028751323125925786801985116996127214508859,"[1, 1, 1, 1, 1, 1, 1, 1, 1, 1, 1, 1, 1, 1, 1, 1, 0, 1, 1, 0, 1, 1, 1, 0]",4.676141769221212e+146
76,13359792,"[1, 1, 0, 0, 0, 1, 1, 0, 0, 1, 1, 1, 1, 1, 0, 1, 1, 0, 0, 0, 0, 1, 0, 0]",-374044755127446968110521029969819643302615429158609400580761134031300888040771556252190371209259625936952077227774719921411071742262043720273,"[1, 1, 1, 1, 1, 1, 1, 1, 1, 1, 1, 1, 1, 1, 1, 1, 0, 1, 1, 1, 1, 0, 1, 0]",6.680202567675985e+146
77,13359792,"[1, 1, 0, 0, 0, 1, 1, 0, 0, 1, 1, 1, 1, 1, 0, 1, 1, 0, 0, 0, 0, 1, 0, 0]",-20838329396175108156520449647135276869172879435805173409408486497149470878520995923936669395307892694440643728624743513884828148057797607903333107,"[1, 0, 1, 1, 1, 1, 1, 1, 1, 1, 1, 1, 1, 1, 1, 1, 1, 1, 1, 1, 1, 1, 1, 0]",9.79554647487452e+146
78,13359792,"[1, 1, 0, 0, 0, 1, 1, 0, 0, 1, 1, 1, 1, 1, 0, 1, 1, 0, 0, 0, 0, 1, 0, 0]",-53965445439284880974434810861574421397000974469088986246598770084228512191122859062839023614257281822832671378097800534991370948670144529909,"[1, 1, 1, 1, 1, 1, 1, 0, 1, 1, 1, 1, 1, 1, 1, 1, 0, 1, 1, 1, 1, 1, 1, 0]",1.4919118894426943e+147
79,13359792,"[1, 1, 0, 0, 0, 1, 1, 0, 0, 1, 1, 1, 1, 1, 0, 1, 1, 0, 0, 0, 0, 1, 0, 0]",-405179188256745451465274870900127610054110546052412784316597483062869051148280500306271867076588536194821377318696581137478155875534407997857,"[1, 1, 1, 1, 1, 1, 1, 1, 1, 1, 1, 1, 1, 1, 0, 1, 0, 1, 1, 1, 1, 1, 1, 0]",1.736852635742499e+147
80,13359792,"[1, 1, 0, 0, 0, 1, 1, 0, 0, 1, 1, 1, 1, 1, 0, 1, 1, 0, 0, 0, 0, 1, 0, 0]",-444670147226309135665642106972359321791065272209307211541049544268011536165101380301618964574064568028751323125925786801985116996127214508859,"[1, 1, 1, 1, 1, 1, 1, 1, 1, 1, 1, 1, 1, 1, 1, 1, 0, 1, 1, 0, 1, 1, 1, 0]",1.8036546544659026e+147
81,13359792,"[1, 1, 0, 0, 0, 1, 1, 0, 0, 1, 1, 1, 1, 1, 0, 1, 1, 0, 0, 0, 0, 1, 0, 0]",-459857981978265212163116686630478622915589785988965761382282037013351333330743542771170373179726177871514542287977057916747584806068806439908624511,"[1, 1, 0, 1, 1, 1, 1, 1, 1, 1, 1, 1, 1, 1, 1, 1, 0, 1, 1, 1, 1, 1, 1, 1]",1.888125446701352e+147
82,13359792,"[1, 1, 0, 0, 0, 1, 1, 0, 0, 1, 1, 1, 1, 1, 0, 1, 1, 0, 0, 0, 0, 1, 0, 0]",-412356590375653147024014724614917781630801492695821610583799945817931502463341097980309034075059369558334106651901003826857382860758869759189,"[1, 1, 1, 1, 1, 1, 1, 1, 1, 1, 1, 0, 1, 1, 1, 1, 0, 1, 1, 1, 1, 1, 1, 0]",1.9817933931205855e+147
83,13359792,"[1, 1, 0, 0, 0, 1, 1, 0, 0, 1, 1, 1, 1, 1, 0, 1, 1, 0, 0, 0, 0, 1, 0, 0]",-13541064294417819550499779308015122042350559861919170894043360901646062388783826790923372560172735138332793204659479516707972299052947312741497801501696125,"[1, 1, 1, 1, 1, 1, 1, 1, 1, 1, 1, 1, 1, 1, 1, 1, 0, 1, 1, 1, 1, 1, 1, 1]",-1.3540870568548048e+152
84,13359792,"[1, 1, 0, 0, 0, 1, 1, 0, 0, 1, 1, 1, 1, 1, 0, 1, 1, 0, 0, 0, 0, 1, 0, 0]",-405179188256745451465274870900127610054110546052412784316597483062869051148280500306271867076588536194821377318696581137478155875534407997857,"[1, 1, 1, 1, 1, 1, 1, 1, 1, 1, 1, 1, 1, 1, 0, 1, 0, 1, 1, 1, 1, 1, 1, 0]",2.0931300946960303e+147
85,13359792,"[1, 1, 0, 0, 0, 1, 1, 0, 0, 1, 1, 1, 1, 1, 0, 1, 1, 0, 0, 0, 0, 1, 0, 0]",-412356590375653147024014724614917781630801492695821610583799945817931502463341097980309034075059369558334106651901003826857382860758869759189,"[1, 1, 1, 1, 1, 1, 1, 1, 1, 1, 1, 0, 1, 1, 1, 1, 0, 1, 1, 1, 1, 1, 1, 0]",2.048595405642701e+147
86,13359792,"[1, 1, 0, 0, 0, 1, 1, 0, 0, 1, 1, 1, 1, 1, 0, 1, 1, 0, 0, 0, 0, 1, 0, 0]",-444670147226309135665642106972359321791065272209307211541049544268011536165101380301618964574064568028751323125925786801985116996127214508859,"[1, 1, 1, 1, 1, 1, 1, 1, 1, 1, 1, 1, 1, 1, 1, 1, 0, 1, 1, 0, 1, 1, 1, 0]",2.0040607253991087e+147
87,13359792,"[1, 1, 0, 0, 0, 1, 1, 0, 0, 1, 1, 1, 1, 1, 0, 1, 1, 0, 0, 0, 0, 1, 0, 0]",-13541064294417819550499779308015122042350559861919170894043360901646062388783826790923372560172735138332793204659479516707972299052947312741497801501696125,"[1, 1, 1, 1, 1, 1, 1, 1, 1, 1, 1, 1, 1, 1, 1, 1, 0, 1, 1, 1, 1, 1, 1, 1]",-1.3540866115080256e+152
88,13359792,"[1, 1, 0, 0, 0, 1, 1, 0, 0, 1, 1, 1, 1, 1, 0, 1, 1, 0, 0, 0, 0, 1, 0, 0]",-444670147226309135665642106972359321791065272209307211541049544268011536165101380301618964574064568028751323125925786801985116996127214508859,"[1, 1, 1, 1, 1, 1, 1, 1, 1, 1, 1, 1, 1, 1, 1, 1, 0, 1, 1, 0, 1, 1, 1, 0]",2.0040607100154475e+147
89,13359792,"[1, 1, 0, 0, 0, 1, 1, 0, 0, 1, 1, 1, 1, 1, 0, 1, 1, 0, 0, 0, 0, 1, 0, 0]",-376681677635455754958708336656145835331939071504852270432080047302698255036418418771287673343576480663568463700760340619470961325581462062083,"[1, 1, 1, 1, 1, 1, 1, 1, 1, 1, 1, 1, 1, 1, 1, 1, 0, 1, 1, 1, 1, 1, 0, 0]",2.026328063921062e+147
90,13359792,"[1, 1, 0, 0, 0, 1, 1, 0, 0, 1, 1, 1, 1, 1, 0, 1, 1, 0, 0, 0, 0, 1, 0, 0]",-215325189737002745940471785372181548120775242668817431905788075028573689542056548381355448324901462652182180371934682967007462441608173489715,"[1, 1, 1, 1, 1, 1, 1, 1, 1, 1, 1, 1, 1, 1, 1, 1, 0, 1, 0, 1, 1, 1, 1, 0]",1.848189353665806e+147
91,13359792,"[1, 1, 0, 0, 0, 1, 1, 0, 0, 1, 1, 1, 1, 1, 0, 1, 1, 0, 0, 0, 0, 1, 0, 0]",-12402980737640172468946377676452389782978816696236862986866671448595949558534094728850358662184461036284267918339297417763759449107072556836320659892421757,"[1, 1, 1, 1, 1, 1, 1, 1, 1, 1, 1, 1, 1, 1, 1, 1, 1, 1, 1, 1, 1, 1, 1, 0]",-1.2402800372171736e+152
92,13359792,"[1, 1, 0, 0, 0, 1, 1, 0, 0, 1, 1, 1, 1, 1, 0, 1, 1, 0, 0, 0, 0, 1, 0, 0]",-13541064294417819550499779308015122042350559861919170894043360901646062388783826790923372560172735138332793204659479516707972299052947312741497801501696125,"[1, 1, 1, 1, 1, 1, 1, 1, 1, 1, 1, 1, 1, 1, 1, 1, 0, 1, 1, 1, 1, 1, 1, 1]",-1.354087502201346e+152
93,13359792,"[1, 1, 0, 0, 0, 1, 1, 0, 0, 1, 1, 1, 1, 1, 0, 1, 1, 0, 0, 0, 0, 1, 0, 0]",-13541064294417819550499779308015122042350559861919170894043360901646062388783826790923372560172735138332793204659479516707972299052947312741497801501696125,"[1, 1, 1, 1, 1, 1, 1, 1, 1, 1, 1, 1, 1, 1, 1, 1, 0, 1, 1, 1, 1, 1, 1, 1]",-1.3540866115079328e+152
94,13359792,"[1, 1, 0, 0, 0, 1, 1, 0, 0, 1, 1, 1, 1, 1, 0, 1, 1, 0, 0, 0, 0, 1, 0, 0]",-12402980737640172468946377676452389782978816696236862986866671448595949558534094728850358662184461036284267918339297417763759449107072556836320659892421757,"[1, 1, 1, 1, 1, 1, 1, 1, 1, 1, 1, 1, 1, 1, 1, 1, 1, 1, 1, 1, 1, 1, 1, 0]",-1.2402791465237139e+152
95,13359792,"[1, 1, 0, 0, 0, 1, 1, 0, 0, 1, 1, 1, 1, 1, 0, 1, 1, 0, 0, 0, 0, 1, 0, 0]",-13541064294417819550499779308015122042350559861919170894043360901646062388783826790923372560172735138332793204659479516707972299052947312741497801501696125,"[1, 1, 1, 1, 1, 1, 1, 1, 1, 1, 1, 1, 1, 1, 1, 1, 0, 1, 1, 1, 1, 1, 1, 1]",-1.3540868341813936e+152
96,13359792,"[1, 1, 0, 0, 0, 1, 1, 0, 0, 1, 1, 1, 1, 1, 0, 1, 1, 0, 0, 0, 0, 1, 0, 0]",-13541064294417819550499779308015122042350559861919170894043360901646062388783826790923372560172735138332793204659479516707972299052947312741497801501696125,"[1, 1, 1, 1, 1, 1, 1, 1, 1, 1, 1, 1, 1, 1, 1, 1, 0, 1, 1, 1, 1, 1, 1, 1]",-2.7081925956027583e+152
97,13359792,"[1, 1, 0, 0, 0, 1, 1, 0, 0, 1, 1, 1, 1, 1, 0, 1, 1, 0, 0, 0, 0, 1, 0, 0]",-13541064294417819550499779308015122042350559861919170894043360901646062388783826790923372560172735138332793204659479516707972299052947312741497801501696125,"[1, 1, 1, 1, 1, 1, 1, 1, 1, 1, 1, 1, 1, 1, 1, 1, 0, 1, 1, 1, 1, 1, 1, 1]",-2.7081925956027885e+152
98,13359792,"[1, 1, 0, 0, 0, 1, 1, 0, 0, 1, 1, 1, 1, 1, 0, 1, 1, 0, 0, 0, 0, 1, 0, 0]",-12402980737640172468946377676452389782978816696236862986866671448595949558534094728850358662184461036284267918339297417763759449107072556836320659892421757,"[1, 1, 1, 1, 1, 1, 1, 1, 1, 1, 1, 1, 1, 1, 1, 1, 1, 1, 1, 1, 1, 1, 1, 0]",-1.2402780331566975e+152
99,13359792,"[1, 1, 0, 0, 0, 1, 1, 0, 0, 1, 1, 1, 1, 1, 0, 1, 1, 0, 0, 0, 0, 1, 0, 0]",-12402980737640172468946377676452389782978816696236862986866671448595949558534094728850358662184461036284267918339297417763759449107072556836320659892421757,"[1, 1, 1, 1, 1, 1, 1, 1, 1, 1, 1, 1, 1, 1, 1, 1, 1, 1, 1, 1, 1, 1, 1, 0]",-1.2402789238503757e+152
100,13359792,"[1, 1, 0, 0, 0, 1, 1, 0, 0, 1, 1, 1, 1, 1, 0, 1, 1, 0, 0, 0, 0, 1, 0, 0]",-13541064294417819550499779308015122042350559861919170894043360901646062388783826790923372560172735138332793204659479516707972299052947312741497801501696125,"[1, 1, 1, 1, 1, 1, 1, 1, 1, 1, 1, 1, 1, 1, 1, 1, 0, 1, 1, 1, 1, 1, 1, 1]",-1.3540866115078798e+152
101,13359792,"[1, 1, 0, 0, 0, 1, 1, 0, 0, 1, 1, 1, 1, 1, 0, 1, 1, 0, 0, 0, 0, 1, 0, 0]",-405179188256745451465274870900127610054110546052412784316597483062869051148280500306271867076588536194821377318696581137478155875534407997857,"[1, 1, 1, 1, 1, 1, 1, 1, 1, 1, 1, 1, 1, 1, 0, 1, 0, 1, 1, 1, 1, 1, 1, 0]",2.0485954023364218e+147
102,13359792,"[1, 1, 0, 0, 0, 1, 1, 0, 0, 1, 1, 1, 1, 1, 0, 1, 1, 0, 0, 0, 0, 1, 0, 0]",-376681677635455754958708336656145835331939071504852270432080047302698255036418418771287673343576480663568463700760340619470961325581462062083,"[1, 1, 1, 1, 1, 1, 1, 1, 1, 1, 1, 1, 1, 1, 1, 1, 0, 1, 1, 1, 1, 1, 0, 0]",2.02632805455008e+147
103,13359792,"[1, 1, 0, 0, 0, 1, 1, 0, 0, 1, 1, 1, 1, 1, 0, 1, 1, 0, 0, 0, 0, 1, 0, 0]",-444670147226309135665642106972359321791065272209307211541049544268011536165101380301618964574064568028751323125925786801985116996127214508859,"[1, 1, 1, 1, 1, 1, 1, 1, 1, 1, 1, 1, 1, 1, 1, 1, 0, 1, 1, 0, 1, 1, 1, 0]",1.870456662332793e+147
104,13359792,"[1, 1, 0, 0, 0, 1, 1, 0, 0, 1, 1, 1, 1, 1, 0, 1, 1, 0, 0, 0, 0, 1, 0, 0]",-444670147226309135665642106972359321791065272209307211541049544268011536165101380301618964574064568028751323125925786801985116996127214508859,"[1, 1, 1, 1, 1, 1, 1, 1, 1, 1, 1, 1, 1, 1, 1, 1, 0, 1, 1, 0, 1, 1, 1, 0]",1.914991349947765e+147
105,13359792,"[1, 1, 0, 0, 0, 1, 1, 0, 0, 1, 1, 1, 1, 1, 0, 1, 1, 0, 0, 0, 0, 1, 0, 0]",-412356590375653147024014724614917781630801492695821610583799945817931502463341097980309034075059369558334106651901003826857382860758869759189,"[1, 1, 1, 1, 1, 1, 1, 1, 1, 1, 1, 0, 1, 1, 1, 1, 0, 1, 1, 1, 1, 1, 1, 0]",1.959526041510793e+147
106,13359792,"[1, 1, 0, 0, 0, 1, 1, 0, 0, 1, 1, 1, 1, 1, 0, 1, 1, 0, 0, 0, 0, 1, 0, 0]",-405179188256745451465274870900127610054110546052412784316597483062869051148280500306271867076588536194821377318696581137478155875534407997857,"[1, 1, 1, 1, 1, 1, 1, 1, 1, 1, 1, 1, 1, 1, 0, 1, 0, 1, 1, 1, 1, 1, 1, 0]",1.9817933798948506e+147
107,13359792,"[1, 1, 0, 0, 0, 1, 1, 0, 0, 1, 1, 1, 1, 1, 0, 1, 1, 0, 0, 0, 0, 1, 0, 0]",-13541064294417819550499779308015122042350559861919170894043360901646062388783826790923372560172735138332793204659479516707972299052947312741497801501696125,"[1, 1, 1, 1, 1, 1, 1, 1, 1, 1, 1, 1, 1, 1, 1, 1, 0, 1, 1, 1, 1, 1, 1, 1]",-1.3540861661610208e+152
108,13359792,"[1, 1, 0, 0, 0, 1, 1, 0, 0, 1, 1, 1, 1, 1, 0, 1, 1, 0, 0, 0, 0, 1, 0, 0]",-272014660487975168776409207884481885749910544442322034464201807361297894750655786806306009474162397128812481746783355519534491262959575958021,"[1, 1, 1, 1, 1, 1, 1, 1, 1, 1, 1, 1, 1, 0, 1, 1, 0, 1, 1, 1, 1, 1, 1, 0]",2.0485954186976307e+147
109,13359792,"[1, 1, 0, 0, 0, 1, 1, 0, 0, 1, 1, 1, 1, 1, 0, 1, 1, 0, 0, 0, 0, 1, 0, 0]",-363108465698513912552618403520746106334784978119989434551774452547748525211580086664873728241366906682328723369339572407034992784285992176957,"[1, 1, 1, 1, 1, 1, 1, 1, 1, 1, 1, 1, 1, 1, 1, 1, 0, 0, 1, 1, 1, 1, 1, 0]",1.981793380697777e+147
110,13359792,"[1, 1, 0, 0, 0, 1, 1, 0, 0, 1, 1, 1, 1, 1, 0, 1, 1, 0, 0, 0, 0, 1, 0, 0]",-376681677635455754958708336656145835331939071504852270432080047302698255036418418771287673343576480663568463700760340619470961325581462062083,"[1, 1, 1, 1, 1, 1, 1, 1, 1, 1, 1, 1, 1, 1, 1, 1, 0, 1, 1, 1, 1, 1, 0, 0]",1.8036546553074374e+147
111,13359792,"[1, 1, 0, 0, 0, 1, 1, 0, 0, 1, 1, 1, 1, 1, 0, 1, 1, 0, 0, 0, 0, 1, 0, 0]",-324172511054859844781901308978298183667889723078817431140160465371358055922377615949933380551100054348286867729308067652013864160217326133361,"[1, 1, 1, 1, 1, 1, 1, 1, 1, 1, 1, 1, 0, 1, 1, 1, 0, 1, 1, 1, 1, 1, 1, 0]",1.937258708708713e+147
112,13359792,"[1, 1, 0, 0, 0, 1, 1, 0, 0, 1, 1, 1, 1, 1, 0, 1, 1, 0, 0, 0, 0, 1, 0, 0]",-376681677635455754958708336656145835331939071504852270432080047302698255036418418771287673343576480663568463700760340619470961325581462062083,"[1, 1, 1, 1, 1, 1, 1, 1, 1, 1, 1, 1, 1, 1, 1, 1, 0, 1, 1, 1, 1, 1, 0, 0]",1.914991353992756e+147
113,13359792,"[1, 1, 0, 0, 0, 1, 1, 0, 0, 1, 1, 1, 1, 1, 0, 1, 1, 0, 0, 0, 0, 1, 0, 0]",-405179188256745451465274870900127610054110546052412784316597483062869051148280500306271867076588536194821377318696581137478155875534407997857,"[1, 1, 1, 1, 1, 1, 1, 1, 1, 1, 1, 1, 1, 1, 0, 1, 0, 1, 1, 1, 1, 1, 1, 0]",1.8927240105710207e+147
114,13359792,"[1, 1, 0, 0, 0, 1, 1, 0, 0, 1, 1, 1, 1, 1, 0, 1, 1, 0, 0, 0, 0, 1, 0, 0]",-376681677635455754958708336656145835331939071504852270432080047302698255036418418771287673343576480663568463700760340619470961325581462062083,"[1, 1, 1, 1, 1, 1, 1, 1, 1, 1, 1, 1, 1, 1, 1, 1, 0, 1, 1, 1, 1, 1, 0, 0]",1.9817933769529322e+147
115,13359792,"[1, 1, 0, 0, 0, 1, 1, 0, 0, 1, 1, 1, 1, 1, 0, 1, 1, 0, 0, 0, 0, 1, 0, 0]",-12402980737640172468946377676452389782978816696236862986866671448595949558534094728850358662184461036284267918339297417763759449107072556836320659892421757,"[1, 1, 1, 1, 1, 1, 1, 1, 1, 1, 1, 1, 1, 1, 1, 1, 1, 1, 1, 1, 1, 1, 1, 0]",-2.480577220287898e+152
116,13359792,"[1, 1, 0, 0, 0, 1, 1, 0, 0, 1, 1, 1, 1, 1, 0, 1, 1, 0, 0, 0, 0, 1, 0, 0]",-13541064294417819550499779308015122042350559861919170894043360901646062388783826790923372560172735138332793204659479516707972299052947312741497801501696125,"[1, 1, 1, 1, 1, 1, 1, 1, 1, 1, 1, 1, 1, 1, 1, 1, 0, 1, 1, 1, 1, 1, 1, 1]",-1.354086166161111e+152
117,13359792,"[1, 1, 0, 0, 0, 1, 1, 0, 0, 1, 1, 1, 1, 1, 0, 1, 1, 0, 0, 0, 0, 1, 0, 0]",-13541064294417819550499779308015122042350559861919170894043360901646062388783826790923372560172735138332793204659479516707972299052947312741497801501696125,"[1, 1, 1, 1, 1, 1, 1, 1, 1, 1, 1, 1, 1, 1, 1, 1, 0, 1, 1, 1, 1, 1, 1, 1]",-5.302598212175782e+152
118,13359792,"[1, 1, 0, 0, 0, 1, 1, 0, 0, 1, 1, 1, 1, 1, 0, 1, 1, 0, 0, 0, 0, 1, 0, 0]",-444670147226309135665642106972359321791065272209307211541049544268011536165101380301618964574064568028751323125925786801985116996127214508859,"[1, 1, 1, 1, 1, 1, 1, 1, 1, 1, 1, 1, 1, 1, 1, 1, 0, 1, 1, 0, 1, 1, 1, 0]",1.7813873056093518e+147
119,13359792,"[1, 1, 0, 0, 0, 1, 1, 0, 0, 1, 1, 1, 1, 1, 0, 1, 1, 0, 0, 0, 0, 1, 0, 0]",-13541064294417819550499779308015122042350559861919170894043360901646062388783826790923372560172735138332793204659479516707972299052947312741497801501696125,"[1, 1, 1, 1, 1, 1, 1, 1, 1, 1, 1, 1, 1, 1, 1, 1, 0, 1, 1, 1, 1, 1, 1, 1]",-1.354088615568616e+152
120,13359792,"[1, 1, 0, 0, 0, 1, 1, 0, 0, 1, 1, 1, 1, 1, 0, 1, 1, 0, 0, 0, 0, 1, 0, 0]",-13541064294417819550499779308015122042350559861919170894043360901646062388783826790923372560172735138332793204659479516707972299052947312741497801501696125,"[1, 1, 1, 1, 1, 1, 1, 1, 1, 1, 1, 1, 1, 1, 1, 1, 0, 1, 1, 1, 1, 1, 1, 1]",-1.3540877248749282e+152
121,13359792,"[1, 1, 0, 0, 0, 1, 1, 0, 0, 1, 1, 1, 1, 1, 0, 1, 1, 0, 0, 0, 0, 1, 0, 0]",-13541064294417819550499779308015122042350559861919170894043360901646062388783826790923372560172735138332793204659479516707972299052947312741497801501696125,"[1, 1, 1, 1, 1, 1, 1, 1, 1, 1, 1, 1, 1, 1, 1, 1, 0, 1, 1, 1, 1, 1, 1, 1]",-3.9484931187745273e+152
122,13359792,"[1, 1, 0, 0, 0, 1, 1, 0, 0, 1, 1, 1, 1, 1, 0, 1, 1, 0, 0, 0, 0, 1, 0, 0]",-405179188256745451465274870900127610054110546052412784316597483062869051148280500306271867076588536194821377318696581137478155875534407997857,"[1, 1, 1, 1, 1, 1, 1, 1, 1, 1, 1, 1, 1, 1, 0, 1, 0, 1, 1, 1, 1, 1, 1, 0]",2.048595410061969e+147
123,13359792,"[1, 1, 0, 0, 0, 1, 1, 0, 0, 1, 1, 1, 1, 1, 0, 1, 1, 0, 0, 0, 0, 1, 0, 0]",-444670147226309135665642106972359321791065272209307211541049544268011536165101380301618964574064568028751323125925786801985116996127214508859,"[1, 1, 1, 1, 1, 1, 1, 1, 1, 1, 1, 1, 1, 1, 1, 1, 0, 1, 1, 0, 1, 1, 1, 0]",1.9372586890318502e+147
124,13359792,"[1, 1, 0, 0, 0, 1, 1, 0, 0, 1, 1, 1, 1, 1, 0, 1, 1, 0, 0, 0, 0, 1, 0, 0]",-374044755127446968110521029969819643302615429158609400580761134031300888040771556252190371209259625936952077227774719921411071742262043720273,"[1, 1, 1, 1, 1, 1, 1, 1, 1, 1, 1, 1, 1, 1, 1, 1, 0, 1, 1, 1, 1, 0, 1, 0]",2.0040607212020505e+147
125,13359792,"[1, 1, 0, 0, 0, 1, 1, 0, 0, 1, 1, 1, 1, 1, 0, 1, 1, 0, 0, 0, 0, 1, 0, 0]",-13541064294417819550499779308015122042350559861919170894043360901646062388783826790923372560172735138332793204659479516707972299052947312741497801501696125,"[1, 1, 1, 1, 1, 1, 1, 1, 1, 1, 1, 1, 1, 1, 1, 1, 0, 1, 1, 1, 1, 1, 1, 1]",-1.3540886155687252e+152
126,13359792,"[1, 1, 0, 0, 0, 1, 1, 0, 0, 1, 1, 1, 1, 1, 0, 1, 1, 0, 0, 0, 0, 1, 0, 0]",-412356590375653147024014724614917781630801492695821610583799945817931502463341097980309034075059369558334106651901003826857382860758869759189,"[1, 1, 1, 1, 1, 1, 1, 1, 1, 1, 1, 0, 1, 1, 1, 1, 0, 1, 1, 1, 1, 1, 1, 0]",1.8036546477278837e+147
127,13359792,"[1, 1, 0, 0, 0, 1, 1, 0, 0, 1, 1, 1, 1, 1, 0, 1, 1, 0, 0, 0, 0, 1, 0, 0]",-13541064294417819550499779308015122042350559861919170894043360901646062388783826790923372560172735138332793204659479516707972299052947312741497801501696125,"[1, 1, 1, 1, 1, 1, 1, 1, 1, 1, 1, 1, 1, 1, 1, 1, 0, 1, 1, 1, 1, 1, 1, 1]",-1.3540875022016307e+152
128,13359792,"[1, 1, 0, 0, 0, 1, 1, 0, 0, 1, 1, 1, 1, 1, 0, 1, 1, 0, 0, 0, 0, 1, 0, 0]",-444670147226309135665642106972359321791065272209307211541049544268011536165101380301618964574064568028751323125925786801985116996127214508859,"[1, 1, 1, 1, 1, 1, 1, 1, 1, 1, 1, 1, 1, 1, 1, 1, 0, 1, 1, 0, 1, 1, 1, 0]",1.9817933918806707e+147
129,13359792,"[1, 1, 0, 0, 0, 1, 1, 0, 0, 1, 1, 1, 1, 1, 0, 1, 1, 0, 0, 0, 0, 1, 0, 0]",-324172511054859844781901308978298183667889723078817431140160465371358055922377615949933380551100054348286867729308067652013864160217326133361,"[1, 1, 1, 1, 1, 1, 1, 1, 1, 1, 1, 1, 0, 1, 1, 1, 0, 1, 1, 1, 1, 1, 1, 0]",1.9418927785214652e+147
130,13359792,"[1, 1, 0, 0, 0, 1, 1, 0, 0, 1, 1, 1, 1, 1, 0, 1, 1, 0, 0, 0, 0, 1, 0, 0]",-405179188256745451465274870900127610054110546052412784316597483062869051148280500306271867076588536194821377318696581137478155875534407997857,"[1, 1, 1, 1, 1, 1, 1, 1, 1, 1, 1, 1, 1, 1, 0, 1, 0, 1, 1, 1, 1, 1, 1, 0]",1.941892777915863e+147
131,13359792,"[1, 1, 0, 0, 0, 1, 1, 0, 0, 1, 1, 1, 1, 1, 0, 1, 1, 0, 0, 0, 0, 1, 0, 0]",-405179188256745451465274870900127610054110546052412784316597483062869051148280500306271867076588536194821377318696581137478155875534407997857,"[1, 1, 1, 1, 1, 1, 1, 1, 1, 1, 1, 1, 1, 1, 0, 1, 0, 1, 1, 1, 1, 1, 1, 0]",2.107032332443313e+147
132,13359792,"[1, 1, 0, 0, 0, 1, 1, 0, 0, 1, 1, 1, 1, 1, 0, 1, 1, 0, 0, 0, 0, 1, 0, 0]",-444670147226309135665642106972359321791065272209307211541049544268011536165101380301618964574064568028751323125925786801985116996127214508859,"[1, 1, 1, 1, 1, 1, 1, 1, 1, 1, 1, 1, 1, 1, 1, 1, 0, 1, 1, 0, 1, 1, 1, 0]",2.0272311013919123e+147
133,13359792,"[1, 1, 0, 0, 0, 1, 1, 0, 0, 1, 1, 1, 1, 1, 0, 1, 1, 0, 0, 0, 0, 1, 0, 0]",-274791926213119733019083865554005429337033920076524150973349066969742197963001332551297654825226670965349163145101152702924989355938403820979,"[0, 1, 1, 1, 1, 1, 1, 1, 1, 1, 1, 1, 1, 1, 1, 1, 0, 1, 1, 1, 1, 1, 1, 0]",2.0903021116902043e+147
134,13359792,"[1, 1, 0, 0, 0, 1, 1, 0, 0, 1, 1, 1, 1, 1, 0, 1, 1, 0, 0, 0, 0, 1, 0, 0]",-13541064294417819550499779308015122042350559861919170894043360901646062388783826790923372560172735138332793204659479516707972299052947312741497801501696125,"[1, 1, 1, 1, 1, 1, 1, 1, 1, 1, 1, 1, 1, 1, 1, 1, 0, 1, 1, 1, 1, 1, 1, 1]",-2.5943832757993007e+152
135,13359792,"[1, 1, 0, 0, 0, 1, 1, 0, 0, 1, 1, 1, 1, 1, 0, 1, 1, 0, 0, 0, 0, 1, 0, 0]",-13541064294417819550499779308015122042350559861919170894043360901646062388783826790923372560172735138332793204659479516707972299052947312741497801501696125,"[1, 1, 1, 1, 1, 1, 1, 1, 1, 1, 1, 1, 1, 1, 1, 1, 0, 1, 1, 1, 1, 1, 1, 1]",-3.948491384916539e+152
136,13359792,"[1, 1, 0, 0, 0, 1, 1, 0, 0, 1, 1, 1, 1, 1, 0, 1, 1, 0, 0, 0, 0, 1, 0, 0]",-13541064294417819550499779308015122042350559861919170894043360901646062388783826790923372560172735138332793204659479516707972299052947312741497801501696125,"[1, 1, 1, 1, 1, 1, 1, 1, 1, 1, 1, 1, 1, 1, 1, 1, 0, 1, 1, 1, 1, 1, 1, 1]",-2.7081930331078947e+152
137,13359792,"[1, 1, 0, 0, 0, 1, 1, 0, 0, 1, 1, 1, 1, 1, 0, 1, 1, 0, 0, 0, 0, 1, 0, 0]",-444670147226309135665642106972359321791065272209307211541049544268011536165101380301618964574064568028751323125925786801985116996127214508859,"[1, 1, 1, 1, 1, 1, 1, 1, 1, 1, 1, 1, 1, 1, 1, 1, 0, 1, 1, 0, 1, 1, 1, 0]",2.159812568118169e+147
138,13359792,"[1, 1, 0, 0, 0, 1, 1, 0, 0, 1, 1, 1, 1, 1, 0, 1, 1, 0, 0, 0, 0, 1, 0, 0]",-13541064294417819550499779308015122042350559861919170894043360901646062388783826790923372560172735138332793204659479516707972299052947312741497801501696125,"[1, 1, 1, 1, 1, 1, 1, 1, 1, 1, 1, 1, 1, 1, 1, 1, 0, 1, 1, 1, 1, 1, 1, 1]",-1.3540840062124147e+152
139,13359792,"[1, 1, 0, 0, 0, 1, 1, 0, 0, 1, 1, 1, 1, 1, 0, 1, 1, 0, 0, 0, 0, 1, 0, 0]",-14826038312436178534458526424837627552232363492315509334770480742546368781895238408536564282187614860588395939505049504644980335286596127580621861049692675,"[1, 1, 1, 1, 1, 1, 1, 1, 1, 1, 1, 1, 1, 1, 1, 1, 1, 1, 1, 0, 1, 1, 1, 1]",-2.965183886338136e+152
140,13359792,"[1, 1, 0, 0, 0, 1, 1, 0, 0, 1, 1, 1, 1, 1, 0, 1, 1, 0, 0, 0, 0, 1, 0, 0]",-14826038312436178534458526424837627552232363492315509334770480742546368781895238408536564282187614860588395939505049504644980335286596127580621861049692675,"[1, 1, 1, 1, 1, 1, 1, 1, 1, 1, 1, 1, 1, 1, 1, 1, 1, 1, 1, 0, 1, 1, 1, 1]",-7.284498136538881e+152
141,13359792,"[1, 1, 0, 0, 0, 1, 1, 0, 0, 1, 1, 1, 1, 1, 0, 1, 1, 0, 0, 0, 0, 1, 0, 0]",-14826038312436178534458526424837627552232363492315509334770480742546368781895238408536564282187614860588395939505049504644980335286596127580621861049692675,"[1, 1, 1, 1, 1, 1, 1, 1, 1, 1, 1, 1, 1, 1, 1, 1, 1, 1, 1, 0, 1, 1, 1, 1]",-4.447788404851507e+152
142,13359792,"[1, 1, 0, 0, 0, 1, 1, 0, 0, 1, 1, 1, 1, 1, 0, 1, 1, 0, 0, 0, 0, 1, 0, 0]",-14826038312436178534458526424837627552232363492315509334770480742546368781895238408536564282187614860588395939505049504644980335286596127580621861049692675,"[1, 1, 1, 1, 1, 1, 1, 1, 1, 1, 1, 1, 1, 1, 1, 1, 1, 1, 1, 0, 1, 1, 1, 1]",-1.482580204335848e+152
143,13359792,"[1, 1, 0, 0, 0, 1, 1, 0, 0, 1, 1, 1, 1, 1, 0, 1, 1, 0, 0, 0, 0, 1, 0, 0]",-401135366183057227391553377890802820175589502650043774513723136887850540674197948339516373273869500813480143260613884549126265458733069559715,"[1, 1, 1, 1, 1, 1, 1, 1, 1, 1, 1, 1, 0, 1, 1, 1, 0, 1, 1, 0, 1, 1, 1, 1]",2.421127706495297e+147
144,13359792,"[1, 1, 0, 0, 0, 1, 1, 0, 0, 1, 1, 1, 1, 1, 0, 1, 1, 0, 0, 0, 0, 1, 0, 0]",-13541064294417819550499779308015122042350559861919170894043360901646062388783826790923372560172735138332793204659479516707972299052947312741497801501696125,"[1, 1, 1, 1, 1, 1, 1, 1, 1, 1, 1, 1, 1, 1, 1, 1, 0, 1, 1, 1, 1, 1, 1, 1]",-1.354081680136479e+152
145,13359792,"[1, 1, 0, 0, 0, 1, 1, 0, 0, 1, 1, 1, 1, 1, 0, 1, 1, 0, 0, 0, 0, 1, 0, 0]",-444670147226309135665642106972359321791065272209307211541049544268011536165101380301618964574064568028751323125925786801985116996127214508859,"[1, 1, 1, 1, 1, 1, 1, 1, 1, 1, 1, 1, 1, 1, 1, 1, 0, 1, 1, 0, 1, 1, 1, 0]",2.3942262725494517e+147
146,13359792,"[1, 1, 0, 0, 0, 1, 1, 0, 0, 1, 1, 1, 1, 1, 0, 1, 1, 0, 0, 0, 0, 1, 0, 0]",-446164682811037685279172552132927331804424085076320386245410690743844189307174963148046032070128678142305605741209091113434143933051267792827,"[1, 1, 1, 1, 1, 1, 1, 1, 1, 1, 1, 1, 1, 1, 1, 1, 0, 0, 1, 0, 1, 1, 1, 1]",2.4211276870573707e+147
147,13359792,"[1, 1, 0, 0, 0, 1, 1, 0, 0, 1, 1, 1, 1, 1, 0, 1, 1, 0, 0, 0, 0, 1, 0, 0]",-446164682811037685279172552132927331804424085076320386245410690743844189307174963148046032070128678142305605741209091113434143933051267792827,"[1, 1, 1, 1, 1, 1, 1, 1, 1, 1, 1, 1, 1, 1, 1, 1, 0, 0, 1, 0, 1, 1, 1, 1]",2.4480291106511098e+147
148,13359792,"[1, 1, 0, 0, 0, 1, 1, 0, 0, 1, 1, 1, 1, 1, 0, 1, 1, 0, 0, 0, 0, 1, 0, 0]",-14826038312436178534458526424837627552232363492315509334770480742546368781895238408536564282187614860588395939505049504644980335286596127580621861049692675,"[1, 1, 1, 1, 1, 1, 1, 1, 1, 1, 1, 1, 1, 1, 1, 1, 1, 1, 1, 0, 1, 1, 1, 1]",-1.4825793509525775e+152
149,13359792,"[1, 1, 0, 0, 0, 1, 1, 0, 0, 1, 1, 1, 1, 1, 0, 1, 1, 0, 0, 0, 0, 1, 0, 0]",-14826038312436178534458526424837627552232363492315509334770480742546368781895238408536564282187614860588395939505049504644980335286596127580621861049692675,"[1, 1, 1, 1, 1, 1, 1, 1, 1, 1, 1, 1, 1, 1, 1, 1, 1, 1, 1, 0, 1, 1, 1, 1]",-1.482579350952563e+152
150,13359792,"[1, 1, 0, 0, 0, 1, 1, 0, 0, 1, 1, 1, 1, 1, 0, 1, 1, 0, 0, 0, 0, 1, 0, 0]",-508941337830121063971705435619934139381413968617602718322138985212550346347288941205617229656043484845346291058012102569505894217716007151555,"[1, 1, 1, 1, 1, 1, 1, 1, 1, 1, 1, 0, 1, 1, 1, 1, 0, 1, 1, 0, 1, 1, 1, 1]",2.4211276837606077e+147
151,13359792,"[1, 1, 0, 0, 0, 1, 1, 0, 0, 1, 1, 1, 1, 1, 0, 1, 1, 0, 0, 0, 0, 1, 0, 0]",-14826038312436178534458526424837627552232363492315509334770480742546368781895238408536564282187614860588395939505049504644980335286596127580621861049692675,"[1, 1, 1, 1, 1, 1, 1, 1, 1, 1, 1, 1, 1, 1, 1, 1, 1, 1, 1, 0, 1, 1, 1, 1]",-1.4825796199668422e+152
152,13359792,"[1, 1, 0, 0, 0, 1, 1, 0, 0, 1, 1, 1, 1, 1, 0, 1, 1, 0, 0, 0, 0, 1, 0, 0]",-498745017241687560622308210914968374940345846768673739824361732404290301984532256543164895701558139304651188613757471607948942334712104920643,"[1, 1, 1, 1, 1, 1, 1, 1, 1, 1, 1, 1, 1, 1, 0, 1, 0, 1, 1, 0, 1, 1, 1, 1]",2.3673248443205063e+147
153,13359792,"[1, 1, 0, 0, 0, 1, 1, 0, 0, 1, 1, 1, 1, 1, 0, 1, 1, 0, 0, 0, 0, 1, 0, 0]",-444670147226309135665642106972359321791065272209307211541049544268011536165101380301618964574064568028751323125925786801985116996127214508859,"[1, 1, 1, 1, 1, 1, 1, 1, 1, 1, 1, 1, 1, 1, 1, 1, 0, 1, 1, 0, 1, 1, 1, 0]",2.3942262688257373e+147
154,13359792,"[1, 1, 0, 0, 0, 1, 1, 0, 0, 1, 1, 1, 1, 1, 0, 1, 1, 0, 0, 0, 0, 1, 0, 0]",-446164682811037685279172552132927331804424085076320386245410690743844189307174963148046032070128678142305605741209091113434143933051267792827,"[1, 1, 1, 1, 1, 1, 1, 1, 1, 1, 1, 1, 1, 1, 1, 1, 0, 0, 1, 0, 1, 1, 1, 1]",2.4749305261412735e+147
155,13359792,"[1, 1, 0, 0, 0, 1, 1, 0, 0, 1, 1, 1, 1, 1, 0, 1, 1, 0, 0, 0, 0, 1, 0, 0]",-444670147226309135665642106972359321791065272209307211541049544268011536165101380301618964574064568028751323125925786801985116996127214508859,"[1, 1, 1, 1, 1, 1, 1, 1, 1, 1, 1, 1, 1, 1, 1, 1, 0, 1, 1, 0, 1, 1, 1, 0]",2.448029102901335e+147
156,13359792,"[1, 1, 0, 0, 0, 1, 1, 0, 0, 1, 1, 1, 1, 1, 0, 1, 1, 0, 0, 0, 0, 1, 0, 0]",-498745017241687560622308210914968374940345846768673739824361732404290301984532256543164895701558139304651188613757471607948942334712104920643,"[1, 1, 1, 1, 1, 1, 1, 1, 1, 1, 1, 1, 1, 1, 0, 1, 0, 1, 1, 0, 1, 1, 1, 1]",2.3942262764771157e+147
157,13359792,"[1, 1, 0, 0, 0, 1, 1, 0, 0, 1, 1, 1, 1, 1, 0, 1, 1, 0, 0, 0, 0, 1, 0, 0]",-13541064294417819550499779308015122042350559861919170894043360901646062388783826790923372560172735138332793204659479516707972299052947312741497801501696125,"[1, 1, 1, 1, 1, 1, 1, 1, 1, 1, 1, 1, 1, 1, 1, 1, 0, 1, 1, 1, 1, 1, 1, 1]",-1.3540824871791064e+152
158,13359792,"[1, 1, 0, 0, 0, 1, 1, 0, 0, 1, 1, 1, 1, 1, 0, 1, 1, 0, 0, 0, 0, 1, 0, 0]",-13541064294417819550499779308015122042350559861919170894043360901646062388783826790923372560172735138332793204659479516707972299052947312741497801501696125,"[1, 1, 1, 1, 1, 1, 1, 1, 1, 1, 1, 1, 1, 1, 1, 1, 0, 1, 1, 1, 1, 1, 1, 1]",-1.3540827561932562e+152
159,13359792,"[1, 1, 0, 0, 0, 1, 1, 0, 0, 1, 1, 1, 1, 1, 0, 1, 1, 0, 0, 0, 0, 1, 0, 0]",-444670147226309135665642106972359321791065272209307211541049544268011536165101380301618964574064568028751323125925786801985116996127214508859,"[1, 1, 1, 1, 1, 1, 1, 1, 1, 1, 1, 1, 1, 1, 1, 1, 0, 1, 1, 0, 1, 1, 1, 0]",2.448029111115435e+147
160,13359792,"[1, 1, 0, 0, 0, 1, 1, 0, 0, 1, 1, 1, 1, 1, 0, 1, 1, 0, 0, 0, 0, 1, 0, 0]",-498745017241687560622308210914968374940345846768673739824361732404290301984532256543164895701558139304651188613757471607948942334712104920643,"[1, 1, 1, 1, 1, 1, 1, 1, 1, 1, 1, 1, 1, 1, 0, 1, 0, 1, 1, 0, 1, 1, 1, 1]",2.474930530759966e+147
161,13359792,"[1, 1, 0, 0, 0, 1, 1, 0, 0, 1, 1, 1, 1, 1, 0, 1, 1, 0, 0, 0, 0, 1, 0, 0]",-440493317561116176647841660811782921493795648207886741061764671226853505517220417217240613755143965609803772210418396310310581878858530812859,"[1, 1, 1, 1, 1, 1, 1, 1, 1, 1, 1, 1, 1, 1, 1, 1, 0, 1, 1, 0, 1, 1, 0, 1]",2.4211277016492106e+147
162,13359792,"[1, 1, 0, 0, 0, 1, 1, 0, 0, 1, 1, 1, 1, 1, 0, 1, 1, 0, 0, 0, 0, 1, 0, 0]",-13541064294417819550499779308015122042350559861919170894043360901646062388783826790923372560172735138332793204659479516707972299052947312741497801501696125,"[1, 1, 1, 1, 1, 1, 1, 1, 1, 1, 1, 1, 1, 1, 1, 1, 0, 1, 1, 1, 1, 1, 1, 1]",-1.3540830252074944e+152
163,13359792,"[1, 1, 0, 0, 0, 1, 1, 0, 0, 1, 1, 1, 1, 1, 0, 1, 1, 0, 0, 0, 0, 1, 0, 0]",-14826038312436178534458526424837627552232363492315509334770480742546368781895238408536564282187614860588395939505049504644980335286596127580621861049692675,"[1, 1, 1, 1, 1, 1, 1, 1, 1, 1, 1, 1, 1, 1, 1, 1, 1, 1, 1, 0, 1, 1, 1, 1]",-2.8366863184227056e+152
164,13359792,"[1, 1, 0, 0, 0, 1, 1, 0, 0, 1, 1, 1, 1, 1, 0, 1, 1, 0, 0, 0, 0, 1, 0, 0]",-14826038312436178534458526424837627552232363492315509334770480742546368781895238408536564282187614860588395939505049504644980335286596127580621861049692675,"[1, 1, 1, 1, 1, 1, 1, 1, 1, 1, 1, 1, 1, 1, 1, 1, 1, 1, 1, 0, 1, 1, 1, 1]",-1.4825782748957205e+152
165,13359792,"[1, 1, 0, 0, 0, 1, 1, 0, 0, 1, 1, 1, 1, 1, 0, 1, 1, 0, 0, 0, 0, 1, 0, 0]",-498745017241687560622308210914968374940345846768673739824361732404290301984532256543164895701558139304651188613757471607948942334712104920643,"[1, 1, 1, 1, 1, 1, 1, 1, 1, 1, 1, 1, 1, 1, 0, 1, 0, 1, 1, 0, 1, 1, 1, 1]",2.501831949137853e+147
166,13359792,"[1, 1, 0, 0, 0, 1, 1, 0, 0, 1, 1, 1, 1, 1, 0, 1, 1, 0, 0, 0, 0, 1, 0, 0]",-13541064294417819550499779308015122042350559861919170894043360901646062388783826790923372560172735138332793204659479516707972299052947312741497801501696125,"[1, 1, 1, 1, 1, 1, 1, 1, 1, 1, 1, 1, 1, 1, 1, 1, 0, 1, 1, 1, 1, 1, 1, 1]",-1.3540819491505397e+152
167,13359792,"[1, 1, 0, 0, 0, 1, 1, 0, 0, 1, 1, 1, 1, 1, 0, 1, 1, 0, 0, 0, 0, 1, 0, 0]",-444670147226309135665642106972359321791065272209307211541049544268011536165101380301618964574064568028751323125925786801985116996127214508859,"[1, 1, 1, 1, 1, 1, 1, 1, 1, 1, 1, 1, 1, 1, 1, 1, 0, 1, 1, 0, 1, 1, 1, 0]",2.3404234496784745e+147
168,13359792,"[1, 1, 0, 0, 0, 1, 1, 0, 0, 1, 1, 1, 1, 1, 0, 1, 1, 0, 0, 0, 0, 1, 0, 0]",-13541064294417819550499779308015122042350559861919170894043360901646062388783826790923372560172735138332793204659479516707972299052947312741497801501696125,"[1, 1, 1, 1, 1, 1, 1, 1, 1, 1, 1, 1, 1, 1, 1, 1, 0, 1, 1, 1, 1, 1, 1, 1]",-1.3540814111223352e+152
169,13359792,"[1, 1, 0, 0, 0, 1, 1, 0, 0, 1, 1, 1, 1, 1, 0, 1, 1, 0, 0, 0, 0, 1, 0, 0]",-401135366183057227391553377890802820175589502650043774513723136887850540674197948339516373273869500813480143260613884549126265458733069559715,"[1, 1, 1, 1, 1, 1, 1, 1, 1, 1, 1, 1, 0, 1, 1, 1, 0, 1, 1, 0, 1, 1, 1, 1]",2.394226276682884e+147
170,13359792,"[1, 1, 0, 0, 0, 1, 1, 0, 0, 1, 1, 1, 1, 1, 0, 1, 1, 0, 0, 0, 0, 1, 0, 0]",-382500691383734337294905842243087415303250855168411186983247629798888853087585481624963108591631364126117365555809716112892337571413003000381,"[1, 1, 1, 1, 1, 1, 1, 1, 1, 1, 1, 1, 1, 1, 1, 1, 0, 1, 1, 0, 0, 1, 1, 1]",2.3942262633515078e+147
171,13359792,"[1, 1, 0, 0, 0, 1, 1, 0, 0, 1, 1, 1, 1, 1, 0, 1, 1, 0, 0, 0, 0, 1, 0, 0]",-252654484689026649846664561621546665149057257744099910789903644573316822914014494016170274946804740959735252068410183176823736628114554487811,"[1, 1, 1, 1, 0, 1, 1, 1, 1, 1, 1, 1, 1, 1, 1, 1, 0, 1, 1, 0, 1, 1, 1, 1]",2.394226279727961e+147
172,13359792,"[1, 1, 0, 0, 0, 1, 1, 0, 0, 1, 1, 1, 1, 1, 0, 1, 1, 0, 0, 0, 0, 1, 0, 0]",-508941337830121063971705435619934139381413968617602718322138985212550346347288941205617229656043484845346291058012102569505894217716007151555,"[1, 1, 1, 1, 1, 1, 1, 1, 1, 1, 1, 0, 1, 1, 1, 1, 0, 1, 1, 0, 1, 1, 1, 1]",2.367324848143819e+147
173,13359792,"[1, 1, 0, 0, 0, 1, 1, 0, 0, 1, 1, 1, 1, 1, 0, 1, 1, 0, 0, 0, 0, 1, 0, 0]",-13541064294417819550499779308015122042350559861919170894043360901646062388783826790923372560172735138332793204659479516707972299052947312741497801501696125,"[1, 1, 1, 1, 1, 1, 1, 1, 1, 1, 1, 1, 1, 1, 1, 1, 0, 1, 1, 1, 1, 1, 1, 1]",-1.3540808730938237e+152
174,13359792,"[1, 1, 0, 0, 0, 1, 1, 0, 0, 1, 1, 1, 1, 1, 0, 1, 1, 0, 0, 0, 0, 1, 0, 0]",-14826038312436178534458526424837627552232363492315509334770480742546368781895238408536564282187614860588395939505049504644980335286596127580621861049692675,"[1, 1, 1, 1, 1, 1, 1, 1, 1, 1, 1, 1, 1, 1, 1, 1, 1, 1, 1, 0, 1, 1, 1, 1]",-4.190793554907068e+152
175,13359792,"[1, 1, 0, 0, 0, 1, 1, 0, 0, 1, 1, 1, 1, 1, 0, 1, 1, 0, 0, 0, 0, 1, 0, 0]",-498745017241687560622308210914968374940345846768673739824361732404290301984532256543164895701558139304651188613757471607948942334712104920643,"[1, 1, 1, 1, 1, 1, 1, 1, 1, 1, 1, 1, 1, 1, 0, 1, 0, 1, 1, 0, 1, 1, 1, 1]",2.3673248448156307e+147
176,13359792,"[1, 1, 0, 0, 0, 1, 1, 0, 0, 1, 1, 1, 1, 1, 0, 1, 1, 0, 0, 0, 0, 1, 0, 0]",-446164682811037685279172552132927331804424085076320386245410690743844189307174963148046032070128678142305605741209091113434143933051267792827,"[1, 1, 1, 1, 1, 1, 1, 1, 1, 1, 1, 1, 1, 1, 1, 1, 0, 0, 1, 0, 1, 1, 1, 1]",2.3404234225506472e+147
177,13359792,"[1, 1, 0, 0, 0, 1, 1, 0, 0, 1, 1, 1, 1, 1, 0, 1, 1, 0, 0, 0, 0, 1, 0, 0]",-382500691383734337294905842243087415303250855168411186983247629798888853087585481624963108591631364126117365555809716112892337571413003000381,"[1, 1, 1, 1, 1, 1, 1, 1, 1, 1, 1, 1, 1, 1, 1, 1, 0, 1, 1, 0, 0, 1, 1, 1]",2.4211276986278272e+147
178,13359792,"[1, 1, 0, 0, 0, 1, 1, 0, 0, 1, 1, 1, 1, 1, 0, 1, 1, 0, 0, 0, 0, 1, 0, 0]",-14826038312436178534458526424837627552232363492315509334770480742546368781895238408536564282187614860588395939505049504644980335286596127580621861049692675,"[1, 1, 1, 1, 1, 1, 1, 1, 1, 1, 1, 1, 1, 1, 1, 1, 1, 1, 1, 0, 1, 1, 1, 1]",-1.4825785439099478e+152
179,13359792,"[1, 1, 0, 0, 0, 1, 1, 0, 0, 1, 1, 1, 1, 1, 0, 1, 1, 0, 0, 0, 0, 1, 0, 0]",-14826038312436178534458526424837627552232363492315509334770480742546368781895238408536564282187614860588395939505049504644980335286596127580621861049692675,"[1, 1, 1, 1, 1, 1, 1, 1, 1, 1, 1, 1, 1, 1, 1, 1, 1, 1, 1, 0, 1, 1, 1, 1]",-2.8366860494085685e+152
180,13359792,"[1, 1, 0, 0, 0, 1, 1, 0, 0, 1, 1, 1, 1, 1, 0, 1, 1, 0, 0, 0, 0, 1, 0, 0]",-498745017241687560622308210914968374940345846768673739824361732404290301984532256543164895701558139304651188613757471607948942334712104920643,"[1, 1, 1, 1, 1, 1, 1, 1, 1, 1, 1, 1, 1, 1, 0, 1, 0, 1, 1, 0, 1, 1, 1, 1]",2.4480291125894194e+147
181,13359792,"[1, 1, 0, 0, 0, 1, 1, 0, 0, 1, 1, 1, 1, 1, 0, 1, 1, 0, 0, 0, 0, 1, 0, 0]",-434403350645242526860343824281998720336215086583294374424223009081215658021704663521640823982034894996804385312930200100639120395740374773635,"[1, 1, 1, 1, 1, 1, 1, 1, 1, 1, 1, 1, 1, 1, 1, 1, 0, 1, 1, 0, 1, 0, 1, 1]",2.501831951872849e+147
182,13359792,"[1, 1, 0, 0, 0, 1, 1, 0, 0, 1, 1, 1, 1, 1, 0, 1, 1, 0, 0, 0, 0, 1, 0, 0]",-13541064294417819550499779308015122042350559861919170894043360901646062388783826790923372560172735138332793204659479516707972299052947312741497801501696125,"[1, 1, 1, 1, 1, 1, 1, 1, 1, 1, 1, 1, 1, 1, 1, 1, 0, 1, 1, 1, 1, 1, 1, 1]",-1.3540822181647026e+152
183,13359792,"[1, 1, 0, 0, 0, 1, 1, 0, 0, 1, 1, 1, 1, 1, 0, 1, 1, 0, 0, 0, 0, 1, 0, 0]",-508941337830121063971705435619934139381413968617602718322138985212550346347288941205617229656043484845346291058012102569505894217716007151555,"[1, 1, 1, 1, 1, 1, 1, 1, 1, 1, 1, 0, 1, 1, 1, 1, 0, 1, 1, 0, 1, 1, 1, 1]",2.3942262796385465e+147
184,13359792,"[1, 1, 0, 0, 0, 1, 1, 0, 0, 1, 1, 1, 1, 1, 0, 1, 1, 0, 0, 0, 0, 1, 0, 0]",-13541064294417819550499779308015122042350559861919170894043360901646062388783826790923372560172735138332793204659479516707972299052947312741497801501696125,"[1, 1, 1, 1, 1, 1, 1, 1, 1, 1, 1, 1, 1, 1, 1, 1, 0, 1, 1, 1, 1, 1, 1, 1]",-1.354082756193281e+152
185,13359792,"[1, 1, 0, 0, 0, 1, 1, 0, 0, 1, 1, 1, 1, 1, 0, 1, 1, 0, 0, 0, 0, 1, 0, 0]",-446164682811037685279172552132927331804424085076320386245410690743844189307174963148046032070128678142305605741209091113434143933051267792827,"[1, 1, 1, 1, 1, 1, 1, 1, 1, 1, 1, 1, 1, 1, 1, 1, 0, 0, 1, 0, 1, 1, 1, 1]",2.2597191827711262e+147
186,13359792,"[1, 1, 0, 0, 0, 1, 1, 0, 0, 1, 1, 1, 1, 1, 0, 1, 1, 0, 0, 0, 0, 1, 0, 0]",-444670147226309135665642106972359321791065272209307211541049544268011536165101380301618964574064568028751323125925786801985116996127214508859,"[1, 1, 1, 1, 1, 1, 1, 1, 1, 1, 1, 1, 1, 1, 1, 1, 0, 1, 1, 0, 1, 1, 1, 0]",2.5556347902666246e+147
187,13359792,"[1, 1, 0, 0, 0, 1, 1, 0, 0, 1, 1, 1, 1, 1, 0, 1, 1, 0, 0, 0, 0, 1, 0, 0]",-71300508229247440076799696752570636528455256244387648332825061805582082640225595186509747548140149617803430908700222529046714646807458499037,"[1, 1, 1, 0, 1, 1, 1, 1, 1, 1, 1, 1, 1, 1, 1, 1, 0, 1, 1, 0, 1, 1, 1, 1]",2.4749305381616238e+147
188,13359792,"[1, 1, 0, 0, 0, 1, 1, 0, 0, 1, 1, 1, 1, 1, 0, 1, 1, 0, 0, 0, 0, 1, 0, 0]",-446164682811037685279172552132927331804424085076320386245410690743844189307174963148046032070128678142305605741209091113434143933051267792827,"[1, 1, 1, 1, 1, 1, 1, 1, 1, 1, 1, 1, 1, 1, 1, 1, 0, 0, 1, 0, 1, 1, 1, 1]",2.448029112783709e+147
189,13359792,"[1, 1, 0, 0, 0, 1, 1, 0, 0, 1, 1, 1, 1, 1, 0, 1, 1, 0, 0, 0, 0, 1, 0, 0]",-440493317561116176647841660811782921493795648207886741061764671226853505517220417217240613755143965609803772210418396310310581878858530812859,"[1, 1, 1, 1, 1, 1, 1, 1, 1, 1, 1, 1, 1, 1, 1, 1, 0, 1, 1, 0, 1, 1, 0, 1]",2.367324853051918e+147
190,13359792,"[1, 1, 0, 0, 0, 1, 1, 0, 0, 1, 1, 1, 1, 1, 0, 1, 1, 0, 0, 0, 0, 1, 0, 0]",-14826038312436178534458526424837627552232363492315509334770480742546368781895238408536564282187614860588395939505049504644980335286596127580621861049692675,"[1, 1, 1, 1, 1, 1, 1, 1, 1, 1, 1, 1, 1, 1, 1, 1, 1, 1, 1, 0, 1, 1, 1, 1]",-1.4825798889809523e+152
191,13359792,"[1, 1, 0, 0, 0, 1, 1, 0, 0, 1, 1, 1, 1, 1, 0, 1, 1, 0, 0, 0, 0, 1, 0, 0]",-14826038312436178534458526424837627552232363492315509334770480742546368781895238408536564282187614860588395939505049504644980335286596127580621861049692675,"[1, 1, 1, 1, 1, 1, 1, 1, 1, 1, 1, 1, 1, 1, 1, 1, 1, 1, 1, 0, 1, 1, 1, 1]",-2.96518506529554e+152
192,13359792,"[1, 1, 0, 0, 0, 1, 1, 0, 0, 1, 1, 1, 1, 1, 0, 1, 1, 0, 0, 0, 0, 1, 0, 0]",-498745017241687560622308210914968374940345846768673739824361732404290301984532256543164895701558139304651188613757471607948942334712104920643,"[1, 1, 1, 1, 1, 1, 1, 1, 1, 1, 1, 1, 1, 1, 0, 1, 0, 1, 1, 0, 1, 1, 1, 1]",2.152113489600603e+147
193,13359792,"[1, 1, 0, 0, 0, 1, 1, 0, 0, 1, 1, 1, 1, 1, 0, 1, 1, 0, 0, 0, 0, 1, 0, 0]",-14826038312436178534458526424837627552232363492315509334770480742546368781895238408536564282187614860588395939505049504644980335286596127580621861049692675,"[1, 1, 1, 1, 1, 1, 1, 1, 1, 1, 1, 1, 1, 1, 1, 1, 1, 1, 1, 0, 1, 1, 1, 1]",-1.482582579122776e+152
194,13359792,"[1, 1, 0, 0, 0, 1, 1, 0, 0, 1, 1, 1, 1, 1, 0, 1, 1, 0, 0, 0, 0, 1, 0, 0]",-508941337830121063971705435619934139381413968617602718322138985212550346347288941205617229656043484845346291058012102569505894217716007151555,"[1, 1, 1, 1, 1, 1, 1, 1, 1, 1, 1, 0, 1, 1, 1, 1, 0, 1, 1, 0, 1, 1, 1, 1]",2.1252120939411165e+147
195,13359792,"[1, 1, 0, 0, 0, 1, 1, 0, 0, 1, 1, 1, 1, 1, 0, 1, 1, 0, 0, 0, 0, 1, 0, 0]",-444670147226309135665642106972359321791065272209307211541049544268011536165101380301618964574064568028751323125925786801985116996127214508859,"[1, 1, 1, 1, 1, 1, 1, 1, 1, 1, 1, 1, 1, 1, 1, 1, 0, 1, 1, 0, 1, 1, 1, 0]",2.4480291232147e+147
196,13359792,"[1, 1, 0, 0, 0, 1, 1, 0, 0, 1, 1, 1, 1, 1, 0, 1, 1, 0, 0, 0, 0, 1, 0, 0]",-508941337830121063971705435619934139381413968617602718322138985212550346347288941205617229656043484845346291058012102569505894217716007151555,"[1, 1, 1, 1, 1, 1, 1, 1, 1, 1, 1, 0, 1, 1, 1, 1, 0, 1, 1, 0, 1, 1, 1, 1]",2.4749305340349973e+147
197,13359792,"[1, 1, 0, 0, 0, 1, 1, 0, 0, 1, 1, 1, 1, 1, 0, 1, 1, 0, 0, 0, 0, 1, 0, 0]",-336772130187653787924366379861999462298648003497510345099412738754695027938495378384299961517922160813358588361115735361256765115567863165005,"[0, 1, 1, 1, 1, 1, 1, 1, 1, 1, 1, 1, 1, 1, 1, 1, 0, 1, 1, 0, 1, 1, 1, 1]",2.3942262761736566e+147
198,13359792,"[1, 1, 0, 0, 0, 1, 1, 0, 0, 1, 1, 1, 1, 1, 0, 1, 1, 0, 0, 0, 0, 1, 0, 0]",-14826038312436178534458526424837627552232363492315509334770480742546368781895238408536564282187614860588395939505049504644980335286596127580621861049692675,"[1, 1, 1, 1, 1, 1, 1, 1, 1, 1, 1, 1, 1, 1, 1, 1, 1, 1, 1, 0, 1, 1, 1, 1]",-2.8366857803942375e+152
199,13359792,"[1, 1, 0, 0, 0, 1, 1, 0, 0, 1, 1, 1, 1, 1, 0, 1, 1, 0, 0, 0, 0, 1, 0, 0]",-226706516641888172389004249315586519658108489660989052773808219025386507738434000970720226210159780917610176897017883266487821160104125330685,"[1, 1, 1, 1, 1, 1, 1, 1, 1, 1, 1, 1, 1, 1, 1, 0, 0, 1, 1, 0, 1, 1, 1, 1]",2.340423447825937e+147
